Original sent: Hosszú hetek viaskodása következett : beteg voltam , olyannyira beteg ! egyik álomból a másikba zuhantam , láttam a szörnyû poklot , a leláncolt Sátánt , a tûzfolyamokat , melyekben emberek ordítottak , rimánkodtak , égtek szüntelenül ; koromfekete éterben röpdöstem a Föld körül , s alig bírtam elviselni azt a nyilvánvaló , immár tagadhatatlan igazságot , hogy bolygónk kering a nap körül és nem fordítva .
	kwic: alig bírtam elviselni azt a
	kwic_new: alig bírtam elviselni azt a igazságot , hogy
Original sent: Régi társam koszos , kopott-foltozott köntösben ült a föld porában , a sok hajlongástól dereka már nem bírt kiegyenesedni , ajkai cserepesek , kisebzettek voltak , szeme mélyen hátrahúzódott üregébe és fénye sáros-tompa volt , arcán piros , kék foltok voltak , szákálla poros , rendezetlen haja csapzott .
	kwic: nem bírt kiegyenesedni , ajkai
	kwic_new: hajlongástól dereka már nem bírt kiegyenesedni , ajkai voltak
Original sent: Én meg ott álltam a három tetem felett , mozdulni sem bírtam .
	kwic: felett , mozdulni sem bírtam
	kwic_new: tetem felett , mozdulni sem bírtam
Original sent: Néhány perc után már nem bírta tartani , úgyhogy a levegõbe dobta .
	kwic: nem bírta tartani , úgyhogy
	kwic_new: után már nem bírta tartani , úgyhogy dobta
Original sent: Köhögve , reszketõ kézzel gépelt ; késõbb meg olyannyira elgyengült , hogy nem bírt írni az írógéppel .
	kwic: nem bírt írni az írógéppel
	kwic_new: nem bírt írni az írógéppel
Original sent: Rá sem bírt nézni a kéziratra , amely ott terpeszkedett az íróasztalon , kevélyen , gõgösen .
	kwic: sem bírt nézni a kéziratra
	kwic_new: Rá sem bírt nézni a kéziratra , terpeszkedett
Original sent: Ereje az elsõ két órában a lehetõ legnagyobb : egy óra múltán már patakokban ömlött a víz az utcákon , a rossz csatornázás nem bírja elnyelni a vízáradatot .
	kwic: nem bírja elnyelni a vízáradatot
	kwic_new: csatornázás nem bírja elnyelni a vízáradatot
Original sent: - Nem bírod elviselni azt , ami történt , és ami már megtörtént ?
	kwic: Nem bírod elviselni azt ,
	kwic_new: Nem bírod elviselni azt , történt
Original sent: Hans szólni sem bírt .
	kwic: Hans szólni sem bírt
	kwic_new: Hans szólni sem bírt
Original sent: Erõs hányinger vett erõt rajta , alig bírt eltámolyogni egy vederig .
	kwic: alig bírt eltámolyogni egy vederig
	kwic_new: alig bírt eltámolyogni egy vederig
Original sent: Khajmor alig bírt uralkodni érzelmein .
	kwic: alig bírt uralkodni érzelmein
	kwic_new: Khajmor alig bírt uralkodni érzelmein
Original sent: Holott a fiúval nem volt semmi probléma , csak képtelen volt veszteg ülni napi három - négy órát , hiányolta a szarvasmarhákat , a kutyáit ; alig bírta elviselni , hogy olyan dolgokat tanuljon meg , melyek szerinte semmiben sem fogják segíteni .
	kwic: alig bírta elviselni , hogy
	kwic_new: alig bírta elviselni , hogy tanuljon
Original sent: Attila értésemre adta , hogy nem bír elviselni engem , személyiségem .
	kwic: nem bír elviselni engem ,
	kwic_new: nem bír elviselni engem , személyiségem
Original sent: A tegnap segítettem neki , mert már nem bírtam nézni a tökéletlenségét , erre Zsófi kijelentette , hogy igen , mert én szerelmes vagyok Kláriba .
	kwic: nem bírtam nézni a tökéletlenségét
	kwic_new: már nem bírtam nézni a tökéletlenségét , kijelentette mert
Original sent: Nem mutatta a tévé a családirtó apát , de megjegyezte , hogy gyermekei legyilkolását azzal indokolta meg ez az " apa " , hogy nem bírta volna elviselni , hogy gyermekeibõl goj nevelõdjék .
	kwic: bírta volna elviselni , hogy
	kwic_new: apa nem bírta volna elviselni , hogy nevelõdjék
Original sent: Dilemma Mint tûznyelõ , úgy faltam lángokat , Megszégyenítve nagy fakírokat , De nem bírok kifogni sorsomon , Sajognak csúf sebek a torkomon .
	kwic: nem bírok kifogni sorsomon ,
	kwic_new: nem bírok kifogni sorsomon , Sajognak
Original sent: De nem bírom elhallgatni a nagyra becsült közönség elõtt , hogy milyen más volt a világ akkor , amikor még én voltam tanonc .
	kwic: nem bírom elhallgatni a nagyra
	kwic_new: De nem bírom elhallgatni a nagyra
Original sent: A vért nem bírják látni , hányingerük lesz tõle .
	kwic: nem bírják látni , hányingerük
	kwic_new: vért nem bírják látni , hányingerük lesz
Original sent: Ahogy elnézem magam Baktatva az utcán , Tudom , hogy védtelen Homokóra vagyok Vagy valami ehhez hasonló Egyedül kószálva A Célkeresztben Magányos préda Nem , nem akarok Ellenkezni a sorssal És még fejem is Behajtom puha nyaktilóba Csak a kioldózsinórt Nem tudom , nem érem Nem Bírom meghúzni Segítsetek !
	kwic: Nem Bírom meghúzni Segítsetek
	kwic_new: Nem Bírom meghúzni Segítsetek
Original sent: Nem bírok versenyezni ; új játékok születtek ; rosszul kérdezek , bánt a felelet .
	kwic: Nem bírok versenyezni ; új
	kwic_new: Nem bírok versenyezni ; új születtek
Original sent: Próbáltam , nem ment , leszakadni tõled , elvette vágyam minden csepp erõmet , nem tudok szólni , hallgatni se bírok , verseket írok .
	kwic: szólni , hallgatni se bírok
	kwic_new: szólni , hallgatni se bírok , írok
Original sent: Éppen most rúgtak ki , mert nem bírtam tétlenül nézni a sok konyakot .
	kwic: bírtam tétlenül nézni a sok
	kwic_new: nem bírtam tétlenül nézni a sok konyakot
Original sent: Meddig bírom fékezni idegtépõ gondolataimat ?
	kwic: Meddig bírom fékezni idegtépõ gondolataimat
	kwic_new: Meddig bírom fékezni idegtépõ gondolataimat
Original sent: Aztán apám közbenjárására kiemeltek a helyi laphoz , ahonnan éppen most rúgtak ki , mert nem bírtam tétlenül nézni a sok konyakosüveget .
	kwic: bírtam tétlenül nézni a sok
	kwic_new: nem bírtam tétlenül nézni a sok konyakosüveget
Original sent: Borsai uram alig bírja elrántani , hogy ki ne tapossák a beleit .
	kwic: alig bírja elrántani , hogy
	kwic_new: uram alig bírja elrántani , hogy tapossák
Original sent: Távol a csicsói Hargita fölött tornyosuló néhány sötét felhõ tehetetlenül lehull a szakadékokba , de a ködtõl csapott varjak a fákon még nem bírnak szárnyra kelni az álom gyengeségétõl .
	kwic: bírnak szárnyra kelni az álom
	kwic_new: fákon még nem bírnak szárnyra kelni az álom gyengeségétõl
Original sent: Nem bírja megállani , hogy keserûségében ki ne ábrándítsa .
	kwic: Nem bírja megállani , hogy
	kwic_new: Nem bírja megállani , hogy ábrándítsa
Original sent: Õszesre szennyezett , borzos hajjal , földig érõ , vastag kender-ingben odalézeng a kamarácska ajtajához , de hirtelen minden ereje elhagyja , mert egyetlen feltörõ , fojtott jajjal minden mozgás megszûnik odabenn és olyan szörnyû csend lesz , hogy a vénasszony fülei hangosan csengeni kezdenek tõle és elfulladt lélegzettel alig bírja kirebegni :
	kwic: alig bírja kirebegni
	kwic_new: alig bírja kirebegni :
Original sent: A váratlan , nem sejtett meglepetésre igaz , hogy jóidéig mozdulni se bírtak , csak nézték a tábornok haragtól összecsomósodott arcát fõbeütötten , szinte megbûvölten , mert így tajtékozni a gyûlölettõl még sohasem látta egyikük se .
	kwic: hogy jóidéig mozdulni se bírtak
	kwic_new: váratlan hogy jóidéig mozdulni se bírtak , nézték
Original sent: A fõkirálybírót szinte megütötte a guta az ijedtségtõl és a tábornok nevében alig bírta kihebegni .
	kwic: alig bírta kihebegni
	kwic_new: nevében alig bírta kihebegni
Original sent: Sándor László nem bírja tovább hallgatni .
	kwic: bírja tovább hallgatni
	kwic_new: László nem bírja tovább hallgatni
Original sent: Josintzi báró úgy elgyengült , hogy alig bírt leereszkedni egy székbe .
	kwic: alig bírt leereszkedni egy székbe
	kwic_new: alig bírt leereszkedni egy székbe
Original sent: Maga az alkirálybíró , Fekete Túri is alig bírt menekülni a kezük közül , mikor a székház visszaadása miatt kérdõre vonta õket .
	kwic: alig bírt menekülni a kezük
	kwic_new: alkirálybíró is alig bírt menekülni a kezük közül , vonta
Original sent: A szegény anya többet már nem bírt elviselni .
	kwic: nem bírt elviselni
	kwic_new: anya többet már nem bírt elviselni
Original sent: Alig bírt lélekzethez jutni a meglepetéstõl a csatószegi pap .
	kwic: bírt lélekzethez jutni a meglepetéstõl
	kwic_new: Alig bírt lélekzethez jutni a meglepetéstõl pap
Original sent: Nem bírt ellenállani a kiváncsiságnak .
	kwic: Nem bírt ellenállani a kiváncsiságnak
	kwic_new: Nem bírt ellenállani a kiváncsiságnak
Original sent: A száját se bírta összefogni Zöld Péter a meghatódottságtól .
	kwic: se bírta összefogni Zöld Péter
	kwic_new: száját se bírta összefogni Zöld Péter meghatódottságtól
Original sent: A szú megdermedt a kaliba falában s még a vadmadár se bírta összecsattintani a szárnyát .
	kwic: se bírta összecsattintani a szárnyát
	kwic_new: még vadmadár se bírta összecsattintani a szárnyát
Original sent: Most se rajtam múlott , hogy megkéstem , hanem a lovakon , amelyek a hasig érõ hóban mozdulni se bírtak !...
	kwic: érõ hóban mozdulni se bírtak
	kwic_new: amelyek hasig érõ hóban mozdulni se bírtak
Original sent: A sok néptõl alig bírt átvergõdni a papi házhoz .
	kwic: alig bírt átvergõdni a papi
	kwic_new: néptõl alig bírt átvergõdni a papi házhoz
Original sent: Hiába vénül meg az éjszaka , úgy fel vannak ajzva , hogy nem bírnak lefeküdni .
	kwic: nem bírnak lefeküdni
	kwic_new: nem bírnak lefeküdni
Original sent: Két hét óta bõrük nem bírt megszáradni a hótól , ködtõl , zuzmarától , testük felmelegedni a fagytól és az egyre növekvõ romlás , lázongás , kétségbeesés felõrölte õket .
	kwic: nem bírt megszáradni a hótól
	kwic_new: óta bõrük nem bírt megszáradni a hótól , felmelegedni és
Original sent: Akik még gondolkodni bírtak , érezték , hogy hiábavaló minden további ellenállás és csak a halál , vagy a feltétel nélküli engedelmesség közt választhatnak .
	kwic: Akik még gondolkodni bírtak ,
	kwic_new: Akik még gondolkodni bírtak ,
Original sent: A közelében álló katona nem bírja hallgatni .
	kwic: nem bírja hallgatni
	kwic_new: katona nem bírja hallgatni
Original sent: Ereje fogyóban van , szédül , émelyeg és el-elsötétedik elõtte a világ , szíve olyan erõsen dobog , mintha durván bordáihoz csapkodnák , agya kialvóban van , szinte hihetetlen , hogy eddig is bírta és - mégsem bírt elszakadni a halottak mezejétõl , hiszen az õ népe fekszik itt !
	kwic: mégsem bírt elszakadni a halottak
	kwic_new: mégsem bírt elszakadni a halottak mezejétõl , hiszen
Original sent: Hát õ ezt nem bírja megírni !
	kwic: nem bírja megírni
	kwic_new: ezt nem bírja megírni
Original sent: Leírni , hogy lángoljon és vádoljon minden szó , aludni se bírjon , aki olvassa és a felelõsség fojtogassa élete utolsó percéig .
	kwic: szó , aludni se bírjon
	kwic_new: minden szó , aludni se bírjon , olvassa
Original sent: Az ijedt lovakat alig bírja megfékezni a két kapuálló hajdú .
	kwic: alig bírja megfékezni a két
	kwic_new: lovakat alig bírja megfékezni a két hajdú
Original sent: Az egykor hatalmas , bikatestû generális már ujját sem bírja mozdítani , csak a két szeme csodálkozik , mintha azt kérdezné : - " Ki ez az asszony ?
	kwic: sem bírja mozdítani , csak
	kwic_new: már ujját sem bírja mozdítani , csak csodálkozik
Original sent: A véres vízkereszt borzalmaitól többé nem bírt szabadulni .
	kwic: nem bírt szabadulni
	kwic_new: borzalmaitól többé nem bírt szabadulni
Original sent: Nem mutatta a tévé a családirtó apát , de megjegyezte , hogy gyermekei legyilkolását azzal indokolta meg ez az " apa " , hogy nem bírta volna elviselni , hogy gyermekeibõl goj nevelõdjék .
	kwic: bírta volna elviselni , hogy
	kwic_new: apa nem bírta volna elviselni , hogy nevelõdjék
Original sent: Nem tudhatta , hogy már jajgatni sem bírok .
	kwic: hogy már jajgatni sem bírok
	kwic_new: hogy már jajgatni sem bírok
Original sent: A Lánglovagokat bizonyára látni sem bírta volna , annak ellenére sem , hogy nem a saját tulajdona volt a Duna-parti sporttelep .
	kwic: Lánglovagokat bizonyára látni sem bírta
	kwic_new: A Lánglovagokat bizonyára látni sem bírta
Original sent: Nem bírták kivárni , elmentek lefeküdni .
	kwic: Nem bírták kivárni , elmentek
	kwic_new: Nem bírták kivárni , elmentek lefeküdni
Original sent: Mi is szeretnénk gazdagabbak lenni , természetesen , ám errefelé orrvérzésig dolgozhatsz , örülsz , ha tartani bírsz egy bizonyos életszínvonalat , nemhogy olyasfélékre gondolhatnál , mint fejlõdés , gyarapodás .
	kwic: , ha tartani bírsz egy
	kwic_new: , ha tartani bírsz egy életszínvonalat , nemhogy
Original sent: Amíg mozdulni bír , ételt sem fogad el mástól .
	kwic: Amíg mozdulni bír ,
	kwic_new: Amíg mozdulni bír ,
Original sent: Ketten ugyanis nem bírnánk kicipelni a csónakhoz .
	kwic: nem bírnánk kicipelni a csónakhoz
	kwic_new: Ketten ugyanis nem bírnánk kicipelni a csónakhoz
Original sent: De az õz oly távolságra volt tõlem , hogy vastag bundáját a kis ólomgöbecs nem bírta átütni .
	kwic: nem bírta átütni
	kwic_new: bundáját ólomgöbecs nem bírta átütni
Original sent: - Már te sem bírsz aludni ? - kérdezte apám , és elnyûtt télikabátjáról lerázta a havat .
	kwic: sem bírsz aludni ? -
	kwic_new: - Már te sem bírsz aludni ? -
Original sent: Alig bírt velük fogni .
	kwic: bírt velük fogni
	kwic_new: Alig bírt velük fogni
Original sent: Ha az orvos megvizsgálta õket , nem bírt betelni a gyönyörûséggel , fûnek-fának mutogatta , milyen szépek az eleven kis cigányok .
	kwic: nem bírt betelni a gyönyörûséggel
	kwic_new: Ha nem bírt betelni a gyönyörûséggel ,
Original sent: Alig bír már csoszogni , de kijár miattuk a majorba .
	kwic: bír már csoszogni , de
	kwic_new: Alig bír már csoszogni , de kijár
Original sent: Aztán alighogy visszament , jött a katonai jármû , tisztek szálltak ki belõle szomorúan , és alig bírták kinyögni , mi járatban vannak .
	kwic: alig bírták kinyögni , mi
	kwic_new: alig bírták kinyögni , mi vannak
Original sent: János már alig bírta vonszolni magát , de átment hozzájuk , és egyenesen nekiszögezte a kérdést :
	kwic: alig bírta vonszolni magát ,
	kwic_new: János már alig bírta vonszolni magát , de
Original sent: A vezetõség nem bírta elviselni , hogy az igazgató távollétében egy titkárnõ irányítsa a gyárat .
	kwic: nem bírta elviselni , hogy
	kwic_new: vezetõség nem bírta elviselni , hogy irányítsa
Original sent: Akkor már lemondtak róla az orvosok , alig bírta magával cipelni .
	kwic: bírta magával cipelni
	kwic_new: alig bírta magával cipelni
Original sent: Alig bírta kituszkolni az udvarból a hóbortos fiút .
	kwic: Alig bírta kituszkolni az udvarból
	kwic_new: Alig bírta kituszkolni az udvarból fiút
Original sent: Négykézláb másztam el az ügyeletes nõvér ajtajáig , mert járni sem bírtam , és tudod , mit mondott ?
	kwic: , mert járni sem bírtam
	kwic_new: , mert járni sem bírtam , és
Original sent: Csupán a tornaórákat utálta , mert Stefkó , a girhes testnevelõ tanár , rondán ócsárolta õt , lebarmozta , ha a nyújtóra nem bírt fölkapaszkodni .
	kwic: nem bírt fölkapaszkodni
	kwic_new: nyújtóra nem bírt fölkapaszkodni
Original sent: - Magának akkora a valaga , hogy öten se bírják fölemelni .
	kwic: se bírják fölemelni
	kwic_new: öten se bírják fölemelni
Original sent: A gyerekek szakasztott apjuk , lomhák , buta nézésûek voltak , míg a mama egy aprócska gombóc , folyvást gurult hol ide , hol oda , és a fél étterem helyett bírt fecsegni .
	kwic: helyett bírt fecsegni
	kwic_new: étterem helyett bírt fecsegni
Original sent: Érezte , hogy az egész teste remeg , miközben mozdulni sem bír .
	kwic: , miközben mozdulni sem bír
	kwic_new: , miközben mozdulni sem bír
Original sent: - Még hogy Klaudia marad - és csak röhögött , röhögött , mint aki begörcsölt és nem bírja abbahagyni .
	kwic: nem bírja abbahagyni
	kwic_new: nem bírja abbahagyni
Original sent: Erre az egyre vigyázz ! - s még utoljára a szájához emelte a pepsis üveget , de a maradékot már nem bírta meginni , mert folyton az üvegbe prüszkölt .
	kwic: nem bírta meginni , mert
	kwic_new: maradékot már nem bírta meginni , mert prüszkölt
Original sent: Igaz is , ha bírt volna venni a tanító olyan virágot , ezt nem teszi .
	kwic: bírt volna venni a tanító
	kwic_new: ha bírt volna venni a tanító virágot , teszi
Original sent: Azon a bizonyos csütörtöki napon nem esett jól se étel , se ital , idegességemben nem bírtam egyhelyben maradni , kénytelen voltam járkálni .
	kwic: bírtam egyhelyben maradni , kénytelen
	kwic_new: idegességemben nem bírtam egyhelyben maradni , kénytelen voltam
Original sent: Áttanulmányoztam az összes elérhetõ útleírást Algériáról , lázas izgalommal készülõdtem , alig bírtam kivárni az indulás napját .
	kwic: alig bírtam kivárni az indulás
	kwic_new: alig bírtam kivárni az indulás napját
Original sent: Tizenegykor megy el a munkahelyérõl ; két és fél nap szabadságot kér , már nem bír tovább maradni .
	kwic: bír tovább maradni
	kwic_new: már nem bír tovább maradni
Original sent: - Az idõs hölgy nem bírta visszafojtani kuncogását .
	kwic: nem bírta visszafojtani kuncogását
	kwic_new: hölgy nem bírta visszafojtani kuncogását
Original sent: Wally Diaz ülve maradt , nem bírt felállni .
	kwic: nem bírt felállni
	kwic_new: nem bírt felállni
Original sent: Folyton éjféltájban jössz , hullafáradtan , jóformán mozogni se bírsz , s hajnalban a motorod hangja ébreszt fel ... így tudom meg , hogy már elmentél .
	kwic: , jóformán mozogni se bírsz
	kwic_new: , jóformán mozogni se bírsz , s
Original sent: Nem bírta elviselni a rászegezett puskacsõ látványát , ehhez nem szokott hozzá ; ordítani kezdett .
	kwic: Nem bírta elviselni a rászegezett
	kwic_new: Nem bírta elviselni a rászegezett látványát , szokott
Original sent: Folyton éjféltájban jössz , hullafáradtan , jóformán mozogni se bírsz , s hajnalban a motorod hangja ébreszt fel ... így tudom meg , hogy már elmentél .
	kwic: , jóformán mozogni se bírsz
	kwic_new: , jóformán mozogni se bírsz , s
Original sent: Olyanok , akik képtelenek tolerálni a másikat és a másságot , akiknek a kommunista eszmék és téveszmék mélyen beivódtak a tudatukba és akik nem bírják elviselni a megpróbáltatásokat vagy a kudarcot .
	kwic: nem bírják elviselni a megpróbáltatásokat
	kwic_new: akik nem bírják elviselni a megpróbáltatásokat vagy
Original sent: Egymás után ásítok , szempillám minduntalan lecsukódik , alig bírom nyitva tartani a szememet .
	kwic: bírom nyitva tartani a szememet
	kwic_new: alig bírom nyitva tartani a szememet
Original sent: Nem bírok elaludni .
	kwic: Nem bírok elaludni
	kwic_new: Nem bírok elaludni
Original sent: Nem bírtam elhinni , hogy ilyesmire vetemedtél , hogy megöltél egy terhes nõt ...
	kwic: Nem bírtam elhinni , hogy
	kwic_new: Nem bírtam elhinni , hogy vetemedtél
Original sent: Pepe Carlucci irtózik a látványtól , nem bírja elviselni a hangokat .
	kwic: nem bírja elviselni a hangokat
	kwic_new: nem bírja elviselni a hangokat
Original sent: Ennek a másik végébe egy középiskoláskorú , karcsú leányzó két kézzel kapaszkodott , s akarata ellenére futnia kellett , iramot tartva a négylábúval , minthogy nem bírta megfékezni .
	kwic: nem bírta megfékezni
	kwic_new: iramot tartva nem bírta megfékezni
Original sent: Millió és millió ember hangoztatja világszerte : sokan csak sejtik , még többen merõben félreértik ; a legtöbben visszaélnek vele ; magát az eszmét tulajdonképpen egész jelentõségében nem is értheti meg senki magasabb mûveltség nélkül ; helyesen lelkesedni érte pedig csak az tudhat , aki nemcsak kellõ fokán áll a politikai képzettségnek , de ugyanakkor lelohaszthatatlan bensõséggel csügg az emberi haladás ügyén és lelke mélyébõl szereti az emberiséget , bír hozni áldozatot is annak jövõjéért .
	kwic: , bír hozni áldozatot is
	kwic_new: mélyébõl , bír hozni áldozatot is jövõjéért
Original sent: Az egyiknek a másikhoz képest meghatározhatatlan az elõbbrevalósága : " Amíg ezt a pillanatot írom / Egy pillanat telt megíratlanul // Két írással tölteni nem bírom / hát szétrepedve idõûrbe hull . "
	kwic: Két írással tölteni nem bírom
	kwic_new: Két írással tölteni nem bírom hull
Original sent: Már nem bírtam elviselni a nehéz helyzetet , felkeltem az ágyamból , lementem a konyhába , vagy másfél órát lent töltöttem , már világosodott amikor vissza mentem a hálószobámba de még mindig láttam a láb és kéz nélküli magunkat .
	kwic: nem bírtam elviselni a nehéz
	kwic_new: Már nem bírtam elviselni a nehéz helyzetet , felkeltem
Original sent: " A Székelységben azt is mondják : megkötõdött a ló : megbûvölte valaki , úgy hogy nem bír mozdulni . "
	kwic: nem bír mozdulni .
	kwic_new: úgy nem bír mozdulni .
Original sent: Egyet zöttyen a kocsi , kibillen a hasadék felé , a lovak nem bírják megfogni , az ember tartaná a lovakat de a zuhanó kocsi magával ránt mindent .
	kwic: nem bírják megfogni , az
	kwic_new: lovak nem bírják megfogni , az tartaná de
Original sent: A hajtóink szorgalmasan szedik a lövött nyulakat , de a szaporán gyarapodó zsákmányunkat nem bírják tovacipelni .
	kwic: nem bírják tovacipelni
	kwic_new: zsákmányunkat nem bírják tovacipelni
Original sent: Cifrazsinóros zöld vadászkalap forog a levegõben , és a mesterlövõk megrökönyödve forgatják : egy fia aprócska lyukat sem bírnak benne felfedezni .
	kwic: bírnak benne felfedezni
	kwic_new: fia lyukat sem bírnak benne felfedezni
Original sent: Mindnyájan fölfelé figyelünk a szállongó ködben , de a gágogás csak nem bír fölénk érkezni .
	kwic: bír fölénk érkezni
	kwic_new: gágogás csak nem bír fölénk érkezni
Original sent: Mindamellett alig bírom kivárni , hogy hétfõ legyen , s hogy visszajöjjön vidékrõl , a felesége szoknyája mellõl , s mielõtt még az este találkoznék veled a klubban , elvigyen a barátja lakására , és erõszakot tegyen rajtam .
	kwic: alig bírom kivárni , hogy
	kwic_new: Mindamellett alig bírom kivárni , hogy legyen s
Original sent: - Mit mondjak az asszonyoknak ? - kérdeztem , amikor már nem bírtam hallgatni a szónoklatát .
	kwic: nem bírtam hallgatni a szónoklatát
	kwic_new: amikor már nem bírtam hallgatni a szónoklatát
Original sent: Egyikük sem bír beletörõdni a kudarcokba , és mind a ketten a saját gõgjük és szenvedélyük áldozatai , és ugyanannak a tévútnak a végállomására érkeznek meg hamarosan mind a ketten .
	kwic: sem bír beletörõdni a kudarcokba
	kwic_new: Egyikük sem bír beletörõdni a kudarcokba , és
Original sent: Reggel Imola könyörgött , hogy azonnal utazzunk el , s Yvette sem marasztalt , de olyan szemrehányóan nézett rám többször is , hogy a reggelit sem bírtam megenni .
	kwic: sem bírtam megenni
	kwic_new: reggelit sem bírtam megenni
Original sent: A grafikust alig bírtuk lerázni .
	kwic: alig bírtuk lerázni
	kwic_new: grafikust alig bírtuk lerázni
Original sent: De Ariadném kõkemény szívét egy Apolló sem bírta volna meglágyítani .
	kwic: bírta volna meglágyítani
	kwic_new: De szívét Apolló sem bírta volna meglágyítani
Original sent: Nem bírtam kivárni a megbeszélésük végét , lementem a konyhába .
	kwic: Nem bírtam kivárni a megbeszélésük
	kwic_new: Nem bírtam kivárni a megbeszélésük végét , lementem
Original sent: Nem bírok parancsolni az érzelmeimnek .
	kwic: Nem bírok parancsolni az érzelmeimnek
	kwic_new: Nem bírok parancsolni az érzelmeimnek
Original sent: Mindamellett alig bírom kivárni , hogy hétfõ legyen , s hogy visszajöjjön vidékrõl , a felesége szoknyája mellõl , s mielõtt még az este találkoznék veled a klubban , elvigyen a barátja lakására , és erõszakot tegyen rajtam .
	kwic: alig bírom kivárni , hogy
	kwic_new: Mindamellett alig bírom kivárni , hogy legyen s
Original sent: Olyan iszonyúan hasogatott a feje , hogy még a szemét is alig bírta kinyitni .
	kwic: alig bírta kinyitni
	kwic_new: még szemét alig bírta kinyitni
Original sent: Simon a színházban biztos kezû sebészként mûködött , gyötrõdött , kereste a fogásokat , talán ezt az egyet igazán komolyan vette , nem bírta elviselni Gíbic szakmai idiotizmusát .
	kwic: nem bírta elviselni Gíbic szakmai
	kwic_new: nem bírta elviselni Gíbic szakmai idiotizmusát
Original sent: Nem bírtok kibújni a bõrötökbõl , rohadt egoista faszok !
	kwic: Nem bírtok kibújni a bõrötökbõl
	kwic_new: Nem bírtok kibújni a bõrötökbõl , faszok
Original sent: Hosszú idõt , munkát és fájdalmat jelentett az írás , lemondást és módszerességet követelt tõle , s Simon félt , sehogysem bírt magával szembenézni .
	kwic: bírt magával szembenézni
	kwic_new: sehogysem bírt magával szembenézni
Original sent: Mirko a tömegben állt , kezében pezsgõspoharat szorongatott , talán fel sem fogta , hogy ki és mit súgott a fülébe , szótlanul bólintott , kelletlenül elõredõlt , nem bírta elviselni , ha a fülébe lihegnek .
	kwic: nem bírta elviselni , ha
	kwic_new: nem bírta elviselni , ha lihegnek
Original sent: Menj már , én nem bírom õket elviselni .
	kwic: bírom õket elviselni
	kwic_new: én nem bírom õket elviselni
Original sent: Jön , megy , kinyírja a tagot , aztán leül az egyik kávéházba egy kapuccinóra , nem ?... Hömpölyög az élet és nem bírod leállítani .
	kwic: nem bírod leállítani
	kwic_new: nem bírod leállítani
Original sent: Mozdulni sem bírt , csak vonaglott , mint a partra vetett hal .
	kwic: Mozdulni sem bírt
	kwic_new: Mozdulni sem bírt , vonaglott
Original sent: Egyszerûen nem bírom itt hagyni õket , olyan izgalmasak ...
	kwic: bírom itt hagyni õket ,
	kwic_new: Egyszerûen nem bírom itt hagyni õket , izgalmasak
Original sent: Púpos már nemegyszer tanúja volt , mikor szinte körbefogták a zsaruk az üzért , aki csak játszotta a csodálkozót , állandóan naivan visszakérdezve az õrjöngõ zsarukra , akik soha nem bírtak belenyugodni , hogy ilyen piti csellel rászedték õket .
	kwic: nem bírtak belenyugodni , hogy
	kwic_new: akik soha nem bírtak belenyugodni , hogy rászedték
Original sent: A begyûjtött , az ily módon sajátosan kizsarolt pénz késõbb Igor narkó nepperjének kokaintól átitatott illatos , ragadós zsebébe vándorolt , cserébe egy-két gramm jóféle fehér hóért , amit Igor teste , agyának minden zuga ujjongva fogadott , rázkódva várt , mert nélküle már csaknem nem bírt létezni .
	kwic: nem bírt létezni
	kwic_new: nélküle már csaknem nem bírt létezni
Original sent: Egyáltalán - senkit sem bírt - mondhatni Igor énjének másik , kissé világosabb felének felelt meg , s ha Igort most nem bunkózza le a narkóéhség , talán most együtt provokálgatták volna a sutyerákokat , akiket õk neveztek el így , sajátos gyûjtõnevet alkalmazva rájuk .
	kwic: bírt - mondhatni Igor énjének
	kwic_new: - senkit sem bírt - mondhatni Igor énjének
Original sent: Nem bírta lenyelni .
	kwic: Nem bírta lenyelni
	kwic_new: Nem bírta lenyelni
Original sent: A szomszédok néha felröppentették a varjakat , el akarták ûzni õket , mert már nem bírták elviselni a károgásukat , kergették a komor , fekete madarakat , de azok nem tágítottak .
	kwic: nem bírták elviselni a károgásukat
	kwic_new: már nem bírták elviselni a károgásukat , kergették
Original sent: - Nem bírom megenni .
	kwic: Nem bírom megenni
	kwic_new: Nem bírom megenni
Original sent: Jóska egész egyszerûen nem bírt elaludni .
	kwic: nem bírt elaludni
	kwic_new: Jóska egyszerûen nem bírt elaludni
Original sent: A gondolatot sem bírta elviselni , hogy a lány másé legyen .
	kwic: sem bírta elviselni , hogy
	kwic_new: gondolatot sem bírta elviselni , hogy legyen
Original sent: - Kinek mi kell , gyerekek , én már nem bírok enni , jóllaktam a szaggal - lihegett Gergely .
	kwic: nem bírok enni , jóllaktam
	kwic_new: én már nem bírok enni , jóllaktam szaggal
Original sent: Ebbõl már csak Krejcsi bírt enni .
	kwic: Krejcsi bírt enni
	kwic_new: Ebbõl már csak Krejcsi bírt enni
Original sent: A járásuk ugyan kissé dülöngélõ volt , viszont ezer kilométereket bírtak gyalogolni .
	kwic: kilométereket bírtak gyalogolni
	kwic_new: ezer kilométereket bírtak gyalogolni
Original sent: Alig bírták kivárni a másnapot .
	kwic: Alig bírták kivárni a másnapot
	kwic_new: Alig bírták kivárni a másnapot
Original sent: Tóni bácsi alig bírta kivárni , hogy az árnyas platánfák alatt a gyûlés elsõ pontját befejezze , és áttérjen a napok óta dédelgetett szónoklatára .
	kwic: alig bírta kivárni , hogy
	kwic_new: bácsi alig bírta kivárni , hogy befejezze
Original sent: Õrültség ! - sikította az asszony , de visszatartani nem bírta .
	kwic: , de visszatartani nem bírta
	kwic_new: , de visszatartani nem bírta
Original sent: - Menj szépen vissza - suttogta rekedten , alig bírt uralkodni magán .
	kwic: alig bírt uralkodni magán
	kwic_new: alig bírt uralkodni magán
Original sent: Mégsem bír szabadulni az alvadt , fekete vértõl .
	kwic: Mégsem bír szabadulni az alvadt
	kwic_new: Mégsem bír szabadulni az alvadt , vértõl
Original sent: Miért nem bírom tartani a pofám ?
	kwic: nem bírom tartani a pofám
	kwic_new: Miért nem bírom tartani a pofám
Original sent: Olyan kellemetlen nekem , hogy amikor a fizikapéldák kellettek , akkor jó volt , most meg nem bírom elviselni , de nem tehetek róla .
	kwic: nem bírom elviselni , de
	kwic_new: most meg nem bírom elviselni , de tehetek
Original sent: Mintha vasmarkok tépnék ki a gyomromat , nem bírok kiegyenesedni .
	kwic: nem bírok kiegyenesedni
	kwic_new: nem bírok kiegyenesedni
Original sent: Õ meg , hogy inkább tegyem vissza , s zavartan pislogott össze-vissza körbe , amit én egyáltalán nem értek , hiszen ha már semmit nem érez irántam , ha neki a Benyovszky Jutka is jó , s azok után , hogy megvallotta , én más vagyok , mint a többi lány , egyvégtében a többi lányt dong-do-dongja körbe , akkor mért nem bír nézni a szemembe , s elismerni , hogy minõ szép az élet , akár egy virágos rét , s minõ jó is minden virágon megpihenve repülni tovább ?
	kwic: nem bír nézni a szemembe
	kwic_new: mért nem bír nézni a szemembe , s
Original sent: Így engem még nem aláztak meg , nem is értem , hogyan bírtam végighallgatni .
	kwic: hogyan bírtam végighallgatni
	kwic_new: hogyan bírtam végighallgatni
Original sent: Orvoshoz is csak holnap visz az apu , mert ma nincs itthon , egyedül meg nem bírok elmenni .
	kwic: nem bírok elmenni
	kwic_new: egyedül meg nem bírok elmenni
Original sent: Mennyire bír megvívni a mûvel - és annak szerzõjével .
	kwic: Mennyire bír megvívni a mûvel
	kwic_new: Mennyire bír megvívni a mûvel - és
Original sent: Mindenkiben addig , ameddig tartani bírta .
	kwic: , ameddig tartani bírta
	kwic_new: , ameddig tartani bírta
Original sent: Nem bírom elviselni .
	kwic: Nem bírom elviselni
	kwic_new: Nem bírom elviselni
Original sent: Sõt , nem bírom elviselni .
	kwic: nem bírom elviselni
	kwic_new: Sõt , nem bírom elviselni
Original sent: Szemléletesen mutatja be az ottani ember mentalitását , földszeretetét , aki ha már nem bír dolgozni , akkor legalább biztatja , irányítja a többieket .
	kwic: nem bír dolgozni , akkor
	kwic_new: már nem bír dolgozni , akkor
Original sent: Ma . , a ny.-i , nem bír elviselni .
	kwic: nem bír elviselni
	kwic_new: Ma , ny.-i nem bír elviselni
Original sent: A munkát megfizetik ; aki nem bír dolgozni , azzal mi lesz ?
	kwic: nem bír dolgozni , azzal
	kwic_new: aki nem bír dolgozni , azzal lesz
Original sent: Meg azt , ahogy a bratislavai népek közlekedtek erre-arra ( így , úgy , amúgy ): Az a kiscsaj például , az 50-esen , olyan felsõ tagozatos óvodás , feltérdelt a szivacsos széken , tömte szájába a rágógumikat egyre , vagy hatot , alig bírta már mozgatni a száját , de azért nevetett még , kacérkodott az Ikrekkel - az anyja aztán jól megtaslizta .
	kwic: bírta már mozgatni a száját
	kwic_new: alig bírta már mozgatni a száját , de
Original sent: Hogy bírod ezt megenni ?
	kwic: bírod ezt megenni
	kwic_new: Hogy bírod ezt megenni
Original sent: Nem bírom végigszopogatni a cukorkát , mondta , rögtön szétharapom .
	kwic: Nem bírom végigszopogatni a cukorkát
	kwic_new: Nem bírom végigszopogatni a cukorkát ,
Original sent: Mert a központi nem igazán bírja - mondhatni .
	kwic: bírja - mondhatni
	kwic_new: Mert központi igazán bírja - mondhatni
Original sent: Ferkó egyik kísérõje nem bírta nézni , ami itt történt a gyerekekkel .
	kwic: nem bírta nézni , ami
	kwic_new: kísérõje nem bírta nézni , ami történt
Original sent: Az ital és a dalolás megviselte , alig bírta kidadogni :
	kwic: alig bírta kidadogni
	kwic_new: alig bírta kidadogni :
Original sent: Hossing nem bírt lecsillapodni .
	kwic: nem bírt lecsillapodni
	kwic_new: Hossing nem bírt lecsillapodni
Original sent: Evezni sem bírtunk már .
	kwic: Evezni sem bírtunk
	kwic_new: Evezni sem bírtunk már
Original sent: Nem bírt betelni a fiával .
	kwic: Nem bírt betelni a fiával
	kwic_new: Nem bírt betelni a fiával
Original sent: Nem bírt megalkudni ezzel a gondolattal .
	kwic: Nem bírt megalkudni ezzel a
	kwic_new: Nem bírt megalkudni ezzel a gondolattal
Original sent: Nagyobb kényelmet is el bírnánk viselni .
	kwic: el bírnánk viselni
	kwic_new: kényelmet el bírnánk viselni
Original sent: Oldalán a két zokogó hölggyel megjelent Hammer doktor , és tehetetlenül széttárt karokkal csak ennyit bírt mondani : Elvégeztetett .
	kwic: ennyit bírt mondani : Elvégeztetett
	kwic_new: Oldalán doktor karokkal csak ennyit bírt mondani : Elvégeztetett
Original sent: Nem bírta elviselni a mind fesztelenebb hangulatot , kiment az udvarra .
	kwic: Nem bírta elviselni a mind
	kwic_new: Nem bírta elviselni a mind hangulatot , kiment
Original sent: Egyformán ragaszkodunk hozzá , egyformán nem bírunk kiszabadulni a bûvkörébõl .
	kwic: nem bírunk kiszabadulni a bûvkörébõl
	kwic_new: egyformán nem bírunk kiszabadulni a bûvkörébõl
Original sent: Kiáltani akart , de alig bírta kinyöszörögni :
	kwic: alig bírta kinyöszörögni
	kwic_new: alig bírta kinyöszörögni :
Original sent: De most az egész testem zsibbad , alig bírom emelni a tagjaimat .
	kwic: alig bírom emelni a tagjaimat
	kwic_new: alig bírom emelni a tagjaimat
Original sent: Két keze , amely a koporsó üvegtetejét még szét bírta törni , véresre roncsolódott a márványlappal vívott kilátástalan küzdelemben .
	kwic: szét bírta törni , véresre
	kwic_new: amely üvegtetejét még szét bírta törni , véresre
Original sent: Idegen , nem bírok egyedül megváltozni ... megjavulni .
	kwic: bírok egyedül megváltozni ... megjavulni
	kwic_new: nem bírok egyedül megváltozni ... megjavulni
Original sent: Hugodnak köszönheted jódolgodat - csípték meg egyesek - s ezt a megaláztatást alig bírta elviselni . . . .
	kwic: alig bírta elviselni . .
	kwic_new: megaláztatást alig bírta elviselni . .
Original sent: hogyan kezdje , honnan is kezdje , a parkhoz érve félrevont egy magános padra , körülnézett , vajon láthat -e , hallhat -e bennünket valaki , illetve õt , mert az , amit közölni szeretett volna velem , mélységesen csak önmagára tartozik , de ezt a terhet szerette volna bensõséges barátjával megosztani , mert egymaga nem bírja tovább elviselni ; tudod , az úgy volt - fogott hozzá már vagy harmadszor -, hogy ballagtam éppen hazafelé , mint abban a régi versben ... de elõbb el kéne mondanom , hogy aznap a fõnököm kegyetlenül megalázott , lehordott épp az elõtt a személy elõtt , aki megölne egy kanál vízben , s ezt a fõnököm is tudta róla , ezért mintha várt is volna erre a pillanatra , hogy az az alak is jelen legyen , hogy tanúja legyen megszégyenítésemnek , szóval nagyon rossz napom volt , s ehhez bizonyára a harmincöt fokos hõség is hozzájárult , a feleségem meg
	kwic: bírja tovább elviselni ; tudod
	kwic_new: egymaga nem bírja tovább elviselni ; tudod , volt
Original sent: zsidók érkezésével azonban addig soha nem látott mértékben indult be újra a gyilkolás ; májusban tízszer , júniusban hétszer , júliusban háromszor annyi zsidó érkezett a rámpára , mint egy normális hónapban ; soha nem mûködtek ilyen intenzitással a gázkamrák és krematóriumok , amelyeket tavasszal kifejezetten a magyar zsidók érkezésére számítva újítottak fel ; és még ez mind nem minden , nyelem könnyeimet , el-elfúl hangom ; a nyári deportálások idején kezdõdött az az eseménysorozat , amely a magyar holokausztot ismét csak a világpolitikai események fókuszába helyezte ; Himmler egymillió zsidó életet ajánlott fel tízezer teherautóért cserébe ; nem bírom folytatni , bocsáss meg , majd talán egyszer , erõt gyûjtök ; a zsidó közösség elpusztítására és megmentésére különleges körülmények között egymással ellentétes irányú és célú , különleges erõfeszítések történtek , ezért , bár fontos tudnunk , hogy minden tizedik , a holokauszt során megölt zsidó magyar volt , arról sem szabad megfeledkeznünk , hogy a közösség több mint egyharmada , hála a Teremtõnek , túlélte a háborút ; a Teremtõ hozott az Égbõl egy csipetnyi port , s azt szétszórván keletkezett a világunk , azon pedig létrejöttek a növények , állatok és az ember , az elsõ ember egész testét
	kwic: nem bírom folytatni , bocsáss
	kwic_new: nem bírom folytatni , bocsáss meg , gyûjtök
Original sent: Sohasem bírta elviselni egy másik férfi leheletét .
	kwic: Sohasem bírta elviselni egy másik
	kwic_new: Sohasem bírta elviselni egy másik leheletét
Original sent: Resid-Vámbéry egy falatot sem bírt kiszedni a fatálból , amelyben kisebesedett tegyerek kotorászták össze a megolvasztott gertya faggyújában meghempergetett rizsgombócokat .
	kwic: sem bírt kiszedni a fatálból
	kwic_new: Resid-Vámbéry falatot sem bírt kiszedni a fatálból , kisebesedett
Original sent: De ha ilyen dolog megismétlõdik , egyedül Allah bírna kiszedni a hóhérok kezébõl .
	kwic: Allah bírna kiszedni a hóhérok
	kwic_new: De ha egyedül Allah bírna kiszedni a hóhérok kezébõl
Original sent: Vámbéry csak üggyel-bajjal bírta õket visszatartani .
	kwic: bírta õket visszatartani
	kwic_new: Vámbéry üggyel-bajjal bírta õket visszatartani
Original sent: Az utasoknak egy része ugyanis nem bírta rászánni magát arra , hogy a legnagyobb kánikulában áthaladjon az oázis és kút nélküli sivatagon , inkább visszatért Hivába .
	kwic: nem bírta rászánni magát arra
	kwic_new: utasoknak része ugyanis nem bírta rászánni magát arra , hogy visszatért
Original sent: Vámbéry nem bírt ellenállni a kísértésnek , hogy ez alkalomból ismét hozzá ne nyúljon a magyarok eredetének tüskés kérdéséhez .
	kwic: nem bírt ellenállni a kísértésnek
	kwic_new: Vámbéry nem bírt ellenállni a kísértésnek , hogy
Original sent: Nem és nem bírtam belenyugodni Budenzék állításaiba ..
	kwic: nem bírtam belenyugodni Budenzék állításaiba
	kwic_new: Nem nem bírtam belenyugodni Budenzék állításaiba
Original sent: Az orosz fogság körülményeit nem sokáig , alig két hónapig bírta elviselni .
	kwic: hónapig bírta elviselni
	kwic_new: körülményeit sokáig , két hónapig bírta elviselni
Original sent: De egy se bírta mondani
	kwic: se bírta
	kwic_new: De egy se bírta mondani
Original sent: Csak a költészet kegyelmével bírja elviselni katonakorú fia halálát , a legnagyobb keservest , a Választ világomtul apai gyászát , az Új Magyar József-siralmat , amit fölfakasztanom tilos , csak annyi engedelmet kérek , hogy egyetlen strófában láttathassam .
	kwic: kegyelmével bírja elviselni katonakorú fia
	kwic_new: Csak költészet kegyelmével bírja elviselni katonakorú fia halálát , fölfakasztanom
Original sent: ami ott van a Szentisten , milyen utcában , én Halászó Macska utcájának nevezem , nyilván valami kamaszkori olvasmányom emlékeként , ott , ahol a kis hajó átmegy Pestrõl Budára meg vissza , azon is mennyit ültünk , és istenem , hányszor gondoltam egyedül is , és együtt a gyerekeimmel , hogy most talán valahogy véletlenül is be kéne esni , de sohasem estem be , mert tudtam , rossz a zár a retikülömön , sok-sok gint , ginet ittunk Mikivel , és Miki borzasztóan okos volt , meg úgy tudott engem , mintha könyvbõl olvasná , alig bírtam rá figyelni , rólad is szó volt , bár eddig nem nagyon szokott rólad a Mikivel szó esni , Miki tudja , miért , meg is mondta , és bár nem értettem , nagyon pontosan érzékeltem , hogy miért , de ez már nem terjed addig , hogy neked is el tudjam mondani , gondolom , te olyan pontosan érzékeled innen a messzi távolból , mert te legalább olyan jól tudod , mint a Miki tudja , meg még sokkal jobban , mert te szeretsz is engem , a Miki pedig tanulmányoz , és regisztrálni szeretne , elhelyezni , vagy egyszerûen megfogalmazni
	kwic: bírtam rá figyelni , rólad
	kwic_new: alig bírtam rá figyelni , rólad volt
Original sent: mindjárt elindul egy kedves néni a postával , gyorsan-gyorsan írok néhány sort , hogy ez is elmenjen ma , innét a laborból , mert esik az esõ , amilyen neked kellene , és olyan hideg van , ami talán szintén kellene neked , de olyan is , amit én már nem bírok ki , szívesen elküldeném neked a felét , de hát ez éppoly lehetetlen , mint virágot küldeni vámon át , írhatnék éppen egy hûvös verset , de az nem bírna vetekedni Amsterdamoddal , hát nem teszem , a szerelem viszont vámmentes , és hát persze tudod mennyire szeretlek .
	kwic: nem bírna vetekedni Amsterdamoddal ,
	kwic_new: az nem bírna vetekedni Amsterdamoddal , teszem
Original sent: Az átkozott kürtösöknek nem bírtam parancsolni .
	kwic: nem bírtam parancsolni
	kwic_new: kürtösöknek nem bírtam parancsolni
Original sent: Látja azonban , hogy az országúton egy kocsi vágtat feléje , melyet két tüzes paripa ragad tova , s a megvadult állatokat a gazda nem bírja márt fékezni .
	kwic: bírja márt fékezni
	kwic_new: állatokat gazda nem bírja márt fékezni
Original sent: A gazda emelgeti , de nem bírja kiemelni .
	kwic: nem bírja kiemelni
	kwic_new: nem bírja kiemelni
Original sent: Nem bírom levetkõzni a komonizmust .
	kwic: Nem bírom levetkõzni a komonizmust
	kwic_new: Nem bírom levetkõzni a komonizmust
Original sent: Nem bír kitelleni . "
	kwic: Nem bír kitelleni .
	kwic_new: Nem bír kitelleni .
Original sent: " Jó , nem írom meg , de hát akkor mit írjak , Kormosra nézek , aki nem bír leülni .
	kwic: nem bír leülni
	kwic_new: aki nem bír leülni
Original sent: de nem bírom megérteni , milyen , milyen furcsa madár az , ki így száll , ilyen fényteli napon , mint ahogy te szállhatsz
	kwic: nem bírom megérteni , milyen
	kwic_new: de nem bírom megérteni , milyen , furcsa száll
Original sent: de nem bírom megérteni , milyen , milyen furcsa madár az , ki így száll , ilyen fényteli napon , mint ahogy te szállhatsz
	kwic: nem bírom megérteni , milyen
	kwic_new: de nem bírom megérteni , milyen , furcsa száll
Original sent: Drága Marcsisága , olvastam szíves sorait a Tengeri Föveny Újságban , s rögvest rohantam , ahogy a hat lábam baktatni bírt remeterákhalálában , hogy le ne késsem .
	kwic: hat lábam baktatni bírt remeterákhalálában
	kwic_new: ahogy a hat lábam baktatni bírt remeterákhalálában , hogy
Original sent: Nem bírtam elképzelni , hogyan is törhetnénk ki a malomból ...
	kwic: Nem bírtam elképzelni , hogyan
	kwic_new: Nem bírtam elképzelni , hogyan törhetnénk
Original sent: Alig bírtam megszívni a hébért .
	kwic: Alig bírtam megszívni a hébért
	kwic_new: Alig bírtam megszívni a hébért
Original sent: Nem is rossz úr , mert alapítványt tett a templom javára , s lopni is engedi a népet , csak nem bírja látni az embereket .
	kwic: nem bírja látni az embereket
	kwic_new: csak nem bírja látni az embereket
Original sent: Még hátravolt a jobb oldali pofaszakáll és fül környéke , de most nem bírta folytatni a munkát .
	kwic: nem bírta folytatni a munkát
	kwic_new: most nem bírta folytatni a munkát
Original sent: De annyit beszélt magáról a Pityu , hogy most nem bírtam megállni .
	kwic: nem bírtam megállni
	kwic_new: most nem bírtam megállni
Original sent: A kreol felpillantott , de nem bírta otthagyni az olaszokat , mert azok elárasztották a szövegükkel .
	kwic: nem bírta otthagyni az olaszokat
	kwic_new: nem bírta otthagyni az olaszokat , mert
Original sent: Szorosabban fogta a lányt , és nem bírt várni .
	kwic: nem bírt várni
	kwic_new: nem bírt várni
Original sent: Alig bírta megmozdítani a tárcsát szorító anyákat .
	kwic: Alig bírta megmozdítani a tárcsát
	kwic_new: Alig bírta megmozdítani a tárcsát anyákat
Original sent: A bifszteket sem bírom megenni .
	kwic: sem bírom megenni
	kwic_new: bifszteket sem bírom megenni
Original sent: A kagylók közül én csak az osztrigát bírom enni .
	kwic: osztrigát bírom enni
	kwic_new: közül én csak az osztrigát bírom enni
Original sent: Varjú szerette volna megnézni , hogy melyik ül a volán mellé , de nem bírta kivárni .
	kwic: nem bírta kivárni
	kwic_new: nem bírta kivárni
Original sent: Ha meglátod ott a fejeket , s hogy milyen happening készül , nem bírsz elmenni - ajánlotta a szakállas .
	kwic: nem bírsz elmenni - ajánlotta
	kwic_new: Ha hogy nem bírsz elmenni - ajánlotta szakállas
Original sent: Nem bírta megállni , lökött rajtam egyet ...
	kwic: Nem bírta megállni , lökött
	kwic_new: Nem bírta megállni , lökött rajtam egyet
Original sent: Te , ez nem bír fennmaradni .
	kwic: nem bír fennmaradni
	kwic_new: Te , ez nem bír fennmaradni
Original sent: Nem bírok egyedül lenni , Jocó pedig állandóan egyedül hagy .
	kwic: bírok egyedül lenni , Jocó
	kwic_new: Nem bírok egyedül lenni , Jocó hagy
Original sent: Nem bírok egyedül lenni .
	kwic: bírok egyedül lenni
	kwic_new: Nem bírok egyedül lenni
Original sent: A környék összes rendõre ott volt , alig bírták kiszabadítani .
	kwic: alig bírták kiszabadítani
	kwic_new: alig bírták kiszabadítani
Original sent: Nem bírsz veszteni ?
	kwic: Nem bírsz veszteni
	kwic_new: Nem bírsz veszteni
Original sent: Nem bírom hallgatni .
	kwic: Nem bírom hallgatni
	kwic_new: Nem bírom hallgatni
Original sent: Hogyan bírsz élni ezzel az áspiskígyóval ?
	kwic: Hogyan bírsz élni ezzel az
	kwic_new: Hogyan bírsz élni ezzel az áspiskígyóval
Original sent: Alig bírtam visszatartani a nevetésemet , amikor megmutatta a paplanjait .
	kwic: Alig bírtam visszatartani a nevetésemet
	kwic_new: Alig bírtam visszatartani a nevetésemet , megmutatta
Original sent: Ha nekiered , nem bír megállni , esik napokig .
	kwic: nem bír megállni , esik
	kwic_new: Ha nem bír megállni , esik napokig
Original sent: Nem bírt megnyugodni .
	kwic: Nem bírt megnyugodni
	kwic_new: Nem bírt megnyugodni
Original sent: Úgy érezte , pontok és lyukak égnek a testébe , nem bír mozdulni többet , leomlik .
	kwic: nem bír mozdulni többet ,
	kwic_new: nem bír mozdulni többet , leomlik
Original sent: Nem bírják elviselni , hogy én vittem valamire , õk meg otthon maradtak kapálni , permetezni .
	kwic: Nem bírják elviselni , hogy
	kwic_new: Nem bírják elviselni , hogy vittem
Original sent: - Akarunk , de nem bír lenni .
	kwic: nem bír lenni
	kwic_new: nem bír lenni
Original sent: Nem bír gyerekünk lenni .
	kwic: bír gyerekünk lenni
	kwic_new: Nem bír gyerekünk lenni
Original sent: - Hogy bírod megállni ?
	kwic: Hogy bírod megállni
	kwic_new: Hogy bírod megállni
Original sent: Túl széles rendeket vágott , Bernáth Gyula alig bírta utána felszedni a markot .
	kwic: bírta utána felszedni a markot
	kwic_new: Gyula alig bírta utána felszedni a markot
Original sent: Szorongatta a kezüket , alig bírtak elszabadulni .
	kwic: alig bírtak elszabadulni
	kwic_new: alig bírtak elszabadulni
Original sent: Szegény uram akkor már nem bírt dolgozni , én csináltam mindent .
	kwic: nem bírt dolgozni , én
	kwic_new: uram akkor már nem bírt dolgozni , én csináltam
Original sent: Nem bírok tovább ellenállni a kísértésnek , felállok , és az asztalához lépek .
	kwic: bírok tovább ellenállni a kísértésnek
	kwic_new: Nem bírok tovább ellenállni a kísértésnek , felállok
Original sent: Nem bírok ellenállni a kísértésnek , belenézek .
	kwic: Nem bírok ellenállni a kísértésnek
	kwic_new: Nem bírok ellenállni a kísértésnek , belenézek
Original sent: Lehajolt a trógliért , és alig bírt felegyenesedni .
	kwic: alig bírt felegyenesedni
	kwic_new: alig bírt felegyenesedni
Original sent: Nézte a téglákat , s nem bírt tõlük elszakadni még gondolatban sem .
	kwic: bírt tõlük elszakadni még gondolatban
	kwic_new: nem bírt tõlük elszakadni még gondolatban sem
Original sent: A fõnökség azt gondolta , hogy Geng majd focizik nekik , de Geng nem bírt labdába rúgni .
	kwic: bírt labdába rúgni
	kwic_new: Geng nem bírt labdába rúgni
Original sent: Az elsõ hetekben alig bírt tanulni .
	kwic: alig bírt tanulni
	kwic_new: hetekben alig bírt tanulni
Original sent: Azóta nem bírt kikeveredni a félig kész épületek , a nyikorgó gépek , vasak , kémények és a salak savanyú szagú birodalmából .
	kwic: nem bírt kikeveredni a félig
	kwic_new: Azóta nem bírt kikeveredni a félig birodalmából
Original sent: A szobafestõ ekkor lila lett a dühtõl , s nem bírt megszólalni .
	kwic: nem bírt megszólalni
	kwic_new: nem bírt megszólalni
Original sent: Amikor végeztem , átmásztam az öregasszony hajójába , mert nem bírtam tovább hallgatni , hogy percenként háromszor a kövekhez vágódik .
	kwic: bírtam tovább hallgatni , hogy
	kwic_new: nem bírtam tovább hallgatni , hogy vágódik
Original sent: A lány kizökkent a tartásából , és alig bírt valamit kinyögni , amikor beléptek a konyhába .
	kwic: bírt valamit kinyögni , amikor
	kwic_new: alig bírt valamit kinyögni , amikor beléptek
Original sent: - Negyven kilót - mondta a Búvár , s még mindig a folyót bámulta , amely nem bírt megnyugodni .
	kwic: nem bírt megnyugodni
	kwic_new: amely nem bírt megnyugodni
Original sent: Nem bírtam elképzelni , hogyan is törhetnénk ki a malomból ...
	kwic: Nem bírtam elképzelni , hogyan
	kwic_new: Nem bírtam elképzelni , hogyan törhetnénk
Original sent: Alig bírtam megszívni a hébért .
	kwic: Alig bírtam megszívni a hébért
	kwic_new: Alig bírtam megszívni a hébért
Original sent: Nem is rossz úr , mert alapítványt tett a templom javára , s lopni is engedi a népet , csak nem bírja látni az embereket .
	kwic: nem bírja látni az embereket
	kwic_new: csak nem bírja látni az embereket
Original sent: Még hátravolt a jobb oldali pofaszakáll és fül környéke , de most nem bírta folytatni a munkát .
	kwic: nem bírta folytatni a munkát
	kwic_new: most nem bírta folytatni a munkát
Original sent: De annyit beszélt magáról a Pityu , hogy most nem bírtam megállni .
	kwic: nem bírtam megállni
	kwic_new: most nem bírtam megállni
Original sent: Minden pszichotechnikai újítást el bírok fogadni a saját magam számára is , ami érdekel , és az értelmes olvasót érdekelheti .
	kwic: el bírok fogadni a saját
	kwic_new: újítást el bírok fogadni a saját számára is , érdekel
Original sent: De a kefelevonatnál alig bírom megállni , hogy át ne írjam az egészet .
	kwic: alig bírom megállni , hogy
	kwic_new: De kefelevonatnál alig bírom megállni , hogy írjam
Original sent: A családomnak rengeteg haszna van abból , hogy a semmittevést nem bírom elviselni .
	kwic: nem bírom elviselni
	kwic_new: semmittevést nem bírom elviselni
Original sent: Nem szabadott volna elmennem , de nem bírtam ellenállni a hívásnak .
	kwic: nem bírtam ellenállni a hívásnak
	kwic_new: nem bírtam ellenállni a hívásnak
Original sent: Nem bírom megállni , megszólalok :
	kwic: Nem bírom megállni , megszólalok
	kwic_new: Nem bírom megállni , megszólalok :
Original sent: Ez az aránylag ritka szag nem az utcáról illant be a repedéseken , forrása itt van valahol a szobában , és Bundás Rekk csak úgy forgolódik maga körül , semmiképp nem bír szabadulni a szagtól .
	kwic: nem bír szabadulni a szagtól
	kwic_new: semmiképp nem bír szabadulni a szagtól
Original sent: Bajza Vilmos alig bírta utolérni .
	kwic: alig bírta utolérni
	kwic_new: Vilmos alig bírta utolérni
Original sent: Semolina Pilchard alig bírja utolérni .
	kwic: alig bírja utolérni
	kwic_new: Pilchard alig bírja utolérni
Original sent: Hm , nehezen bírom elképzelni , hogy örülni tudott volna ennek a kis szakmai leleményességnek .
	kwic: nehezen bírom elképzelni , hogy
	kwic_new: nehezen bírom elképzelni , hogy tudott
Original sent: A szülõföld élménye számomra mindmáig ez a kultúrájában sokszínû és geográfiai megjelenésében is impozáns , mégis , kissé letargikus táj , gondolkodásomban , emlékezetemben ez vált meghatározóvá , és az most már a legtermészetesebb dolog , hogy ettõl a modelltõl sem elszakadni , de még eltávolodni sem bírok , ezért az elbeszélés színteréül is csak olyan térséget tudok elképzelni , ahol különbözõ származású emberek élnek , és nem is a magyarok vannak többségben .
	kwic: de még eltávolodni sem bírok
	kwic_new: de még eltávolodni sem bírok , tudok
Original sent: A rutin nagy kísértése az , amikor az író gyakorlatára hagyatkozva csak " nyomja a sódert " : nyelvével a szája csücskében írja tetszetõs mondatait , késõbb aztán már nem bír tõlük megválni , s azok maguk körül idegen levegõt gerjesztve benne maradnak egy olyan mûben , ahova nem valók .
	kwic: bír tõlük megválni , s
	kwic_new: aztán már nem bír tõlük megválni , s maradnak
Original sent: A jelek arra utalnak , a részleteiben cinikus és barbár döntést haszonélvezõi sem bírták mindmáig megemészteni .
	kwic: bírták mindmáig megemészteni
	kwic_new: haszonélvezõi sem bírták mindmáig megemészteni
Original sent: Az anyaországi gondolkodás beszûkült egy ördögi körbe , amelynek mozgásaiból már nem bírt könnyedén kilépni , és a csonka ország megrendítõ képével teljes diszkrepanciában még valami ostoba , diszkriminatív gõg is áthatja , amelynek köszönhetõen az erdélyi magyart most már nemcsak szülõföldjén tekintik másodrendû állampolgárnak , ahol kisebbségi sorban maradt , hanem másodrangú magyarnak tekintik az anyaországban is .
	kwic: bírt könnyedén kilépni , és
	kwic_new: mozgásaiból már nem bírt könnyedén kilépni , és áthatja
Original sent: Úgy érzem , egy nemzet nagykorúsága ott kezdõdik , amikor megújulva túl bír lépni kudarcain , veszteségein .
	kwic: túl bír lépni kudarcain ,
	kwic_new: amikor megújulva túl bír lépni kudarcain , veszteségein
Original sent: A környezet , az akkor is Kelet-Európa volt , aki nem hogy a veszteségeit , de rendszerint még diadalait sem bírja megemészteni .
	kwic: sem bírja megemészteni
	kwic_new: aki hogy veszteségeit sem bírja megemészteni
Original sent: Ilyesmit csak egy nagyon eredményes társadalom bír kinõni .
	kwic: társadalom bír kinõni
	kwic_new: Ilyesmit csak egy eredményes társadalom bír kinõni
Original sent: Mi pedig területeink szebbik felét sem bírtuk megtartani .
	kwic: sem bírtuk megtartani
	kwic_new: Mi pedig felét sem bírtuk megtartani
Original sent: Másrészt viszont az is tagadhatatlan , hogy diáksorban lévõ fiatalok részérõl nem bírok elképzelni tiszteletreméltóbb kezdeményezést , mint azt , hogy ösztönös hívásaiknak engedve szembefordulnak az elnyomással .
	kwic: nem bírok elképzelni tiszteletreméltóbb kezdeményezést
	kwic_new: részérõl nem bírok elképzelni tiszteletreméltóbb kezdeményezést , mint
Original sent: Azokról a fiatalokról inkább , akik ugyanebben a történelmi pillanatban legyõzve gyermeki igazságérzetüket , úrrá bírtak lenni bátorságukon is , engedve másféle hívásoknak , egyszerre csak ott találták magukat kipirultan lihegve a kommunista ifjúsági mozgalomban .
	kwic: úrrá bírtak lenni bátorságukon is
	kwic_new: fiatalokról akik ugyanebben igazságérzetüket úrrá bírtak lenni bátorságukon is , hívásoknak ,
Original sent: Évtizedeken át elfogadták a hatalom kegyeit , kiváltságait , bírtak élni annak gõgjével is , ha kellett , az elesettekkel szemben is , együtt mulattak a zsarnokokkal , abban a hazug hitben tetszelegve , hogy ezzel a cimborálással a nemzet érdekeit szolgálják .
	kwic: , bírtak élni annak gõgjével
	kwic_new: , bírtak élni annak gõgjével is , ha szemben , mulattak
Original sent: Máig nem bírom eldönteni , gyûlöltek -e minket igazán , vagy a lelkük mélyén egy kicsit megértettek és tiszteltek .
	kwic: nem bírom eldönteni , gyûlöltek
	kwic_new: Máig nem bírom eldönteni , gyûlöltek -e minket igazán , vagy
Original sent: A Bodor családnak a múlt század második felétõl nyári rezidenciája volt a gyönyörû , vadregényes Radnaborbereken , és én el sem bírtam képzelni a nyarat néhány hét hegyi barangolás nélkül .
	kwic: sem bírtam képzelni a nyarat
	kwic_new: én el sem bírtam képzelni a nyarat nélkül
Original sent: Azt sem bírtam látni , néha lehunytam a szemem , hátha nem igaz ez az egész .
	kwic: sem bírtam látni , néha
	kwic_new: Azt sem bírtam látni , néha lehunytam
Original sent: Még a tea is alig ment le a torkomon , el nem bírtam képzelni , hogy eddigi életem során , még egy nappal korábban is , hogyan bírtam bármit is lenyelni .
	kwic: nem bírtam képzelni , hogy
	kwic_new: el nem bírtam képzelni , hogy bírtam
Original sent: Délben a tiszti konyha ünnepi fogásaiból tálaltak , pörkölt volt makarónival , biztos nagyon finom lehetett , de én megint csak nem bírtam hozzá nyúlni .
	kwic: bírtam hozzá nyúlni
	kwic_new: én megint csak nem bírtam hozzá nyúlni
Original sent: Ennyit bírtam lehelethalkan kinyögni .
	kwic: bírtam lehelethalkan kinyögni
	kwic_new: Ennyit bírtam lehelethalkan kinyögni
Original sent: Szegény nem bírta fölfogni , hogy rács mögé került , szégyenként élte meg a politikai meghurcoltatást .
	kwic: nem bírta fölfogni , hogy
	kwic_new: Szegény nem bírta fölfogni , hogy került
Original sent: Járatlanságában , persze , hiszen a huzal túl nehéz , teljesen alkalmatlan sárkányeregetésre , szegényke nem is bírta használni , föltekerve kiakasztotta egy szögre az istálló oldalára .
	kwic: is bírta használni , föltekerve
	kwic_new: Járatlanságában nem is bírta használni , föltekerve kiakasztotta
Original sent: Bár a fogság két éve alatt egyetlenegyszer jól nem laktam , aznap rá sem bírtam nézni az ebédre , és képtelen tettre szántam el magam : még mielõtt átgondolhattam volna , mit teszek , az egészet a lefolyóba ürítettem .
	kwic: sem bírtam nézni az ebédre
	kwic_new: egyetlenegyszer aznap rá sem bírtam nézni az ebédre , és
Original sent: Ekkorra egy fegyõr is odaérkezett , aki rohanó társamat alig bírta követni .
	kwic: alig bírta követni
	kwic_new: aki társamat alig bírta követni
Original sent: Túlélési ösztöneimnek köszönhetõen azt , amit rám mértek , majdnem mindig javamra bírtam fordítani .
	kwic: javamra bírtam fordítani
	kwic_new: amit majdnem mindig javamra bírtam fordítani
Original sent: Azon a bizonytalan , ingoványos vagy éppen jégrögös terepen , amely az ötvenes , hatvanas , hetvenes évek Romániáját jelentette , olyan szenvedélyekkel megáldva bírtam létezni , lavírozni , amelyek jobbára kárpótoltak tényleges veszteségeimért .
	kwic: megáldva bírtam létezni , lavírozni
	kwic_new: terepen , jelentette szenvedélyekkel megáldva bírtam létezni , lavírozni , kárpótoltak
Original sent: Nem bírtam ellenállni a kísértésnek , bekopogtam , és a ház asszonyának elõadtam , hogy ha lehetne , közelrõl is meg szeretném tekinteni a kiakasztott festményeket .
	kwic: Nem bírtam ellenállni a kísértésnek
	kwic_new: Nem bírtam ellenállni a kísértésnek , bekopogtam
Original sent: Ami a lényeg , a cenzúra nem bírt mit kezdeni velük .
	kwic: bírt mit kezdeni velük
	kwic_new: lényeg nem bírt mit kezdeni velük
Original sent: És egy kicsit már megbízhatatlan , kicsit hazudós , tudja ezt õ is , emiatt bûntudat molesztálja , mulasztásai nyomasztják , magyarázkodik , füllentései készségesen bevonulnak az életrajzába , végül már nem is bír szabadulni a mámorban keletkezett világ kellékeitõl .
	kwic: is bír szabadulni a mámorban
	kwic_new: végül már nem is bír szabadulni a mámorban kellékeitõl
Original sent: Úgy , mint itt , sehol máshol nem bír besütni egy tisztásra a nap .
	kwic: nem bír besütni egy tisztásra
	kwic_new: Úgy nem bír besütni egy tisztásra nap
Original sent: Kitalálás az egész , az a körülmény , hogy a novella szerzõje valóságosan is megélte apja letartóztatását , legfönnebb pozícióját hitelesíti , ott van elõtte a minta , amelynek az elemeibõl egy újat életre bír hívni , és amitõl ha kell , el tud vonatkoztatni .
	kwic: életre bír hívni , és
	kwic_new: amelynek elemeibõl egy újat életre bír hívni , és amitõl
Original sent: Menekülni elõle egészen így sem mindig sikerül .
	kwic: Menekülni elõle egészen
	kwic_new: Menekülni elõle egészen
Original sent: A kifogás tárgyát az a többlet képezte , amivel a tiszteletreméltó kosárfonók nem bírtak mit kezdeni , a novellából azt szerették volna kiemelni , ami miatt az íródott .
	kwic: bírtak mit kezdeni , a
	kwic_new: amivel kosárfonók nem bírtak mit kezdeni , a szerették volna
Original sent: Annyira megkapott , hogy egy hegycsúcs emberi nevet visel , hogy nem bírtam ellenállni .
	kwic: nem bírtam ellenállni
	kwic_new: nem bírtam ellenállni
Original sent: A világot mindenki egy kicsit megteremti magának , anélkül hogy az a matematika és fizika törvényei szerint is érvényes lenne , azoknak megfelelne , egy tájjal csak így bírsz kommunikálni .
	kwic: így bírsz kommunikálni
	kwic_new: tájjal csak így bírsz kommunikálni
Original sent: Legfönnebb a polgár számára túl nagy a tét , mivelhogy nem bír szabadulni illúzióitól , rögeszméjétõl , hogy valóságos polgári környezetben él .
	kwic: nem bír szabadulni illúzióitól ,
	kwic_new: nem bír szabadulni illúzióitól , rögeszméjétõl , hogy
Original sent: És bármennyire is érzem egyre erõteljesebben vonzását , én már nagy lelki békességben otthon nem bírnék élni .
	kwic: nem bírnék élni
	kwic_new: én már békességben otthon nem bírnék élni
Original sent: Még madártávlatból sem jó érzés látni , hogy az országnyi terület gazdagságával , sokszínûségével birtokosai mintha nem bírnának mit kezdeni , mint ahogy a térség lakói sem viszonylagos szabadságukkal .
	kwic: bírnának mit kezdeni , mint
	kwic_new: gazdagságával birtokosai mintha nem bírnának mit kezdeni , mint ahogy lakói
Original sent: Ezért nem is bírom elképzelni , miféle fene nagy boldogság vár majd erre a földre nélkülünk .
	kwic: is bírom elképzelni , miféle
	kwic_new: Ezért nem is bírom elképzelni , miféle vár
Original sent: Az ijedtségtõl alig bírt beszélni .
	kwic: alig bírt beszélni
	kwic_new: ijedtségtõl alig bírt beszélni
Original sent: Délelõtt a hófolt aljában nem bírt megállni , s a lendülettõl kirepült a száraz , meleg kövek közé .
	kwic: nem bírt megállni , s
	kwic_new: nem bírt megállni , s kirepült
Original sent: Ezt nem bírom látni -mondta sírós hangon , keserûen .
	kwic: nem bírom látni -mondta sírós
	kwic_new: Ezt nem bírom látni -mondta sírós hangon , keserûen
Original sent: Fölötte a magas gesztenyefa lombjaival elvette az utcai lámpa fényét , s ebben a homályban még egy indát vagy egy levelet sem bírt rajta felfedezni .
	kwic: bírt rajta felfedezni
	kwic_new: homályban indát sem bírt rajta felfedezni
Original sent: Nem bírok hozzányúlni .
	kwic: Nem bírok hozzányúlni
	kwic_new: Nem bírok hozzányúlni
Original sent: Nem bírt többet enni .
	kwic: bírt többet enni
	kwic_new: Nem bírt többet enni
Original sent: Hamar , mielõtt kiszusszantotta volna magát , fel akart állni , de nem bírt megmozdulni .
	kwic: nem bírt megmozdulni
	kwic_new: nem bírt megmozdulni
Original sent: Még kétszer lecsapott a bottal , de nem bírt megállni .
	kwic: nem bírt megállni
	kwic_new: nem bírt megállni
Original sent: Kacagta , hogy nem bír felállni .
	kwic: nem bír felállni
	kwic_new: nem bír felállni
Original sent: És akkor elkezdett szaladni , egyik utcán elõre , úgy szaladt , hogy azt gondolta , a másik úgysem bír ennyire szaladni , és bármennyire is ment volna , úgyis hiába , mert ennyire csak nem tudhat szaladni .
	kwic: bír ennyire szaladni , és
	kwic_new: másik úgysem bír ennyire szaladni , és ment
Original sent: Nem bírok moccanni .
	kwic: Nem bírok moccanni
	kwic_new: Nem bírok moccanni
Original sent: Olyan hirtelen nõtt meg a télen , úgy megbegyesedett , hogy most nem bírt begombolkozni .
	kwic: nem bírt begombolkozni
	kwic_new: most nem bírt begombolkozni
Original sent: Bundás Rekk csak úgy forgolódik maga körül , és nem bír szabadulni a krétaszagtól .
	kwic: nem bír szabadulni a krétaszagtól
	kwic_new: nem bír szabadulni a krétaszagtól
Original sent: Bajza Vilmos alig bírta utolérni .
	kwic: alig bírta utolérni
	kwic_new: Vilmos alig bírta utolérni
Original sent: Semolina Pilchard alig bírja õket utolérni .
	kwic: bírja õket utolérni
	kwic_new: Pilchard alig bírja õket utolérni
Original sent: Azok még mindig csak a tengert nézték , úgy tûnt , nem bírják elvonni tekintetüket arról a vonalról , ahol a víz az éggel érintkezik .
	kwic: nem bírják elvonni tekintetüket arról
	kwic_new: nem bírják elvonni tekintetüket arról vonalról , érintkezik
Original sent: - Én meg nem bírok szuszogni - mondta Barbara de Anatolia .
	kwic: nem bírok szuszogni - mondta
	kwic_new: - Én meg nem bírok szuszogni - mondta Barbara
Original sent: És nem bírok szuszogni .
	kwic: nem bírok szuszogni
	kwic_new: És nem bírok szuszogni
Original sent: Meg sem bírunk mukkanni .
	kwic: sem bírunk mukkanni
	kwic_new: Meg sem bírunk mukkanni
Original sent: Gábriel Ventuza émelyegni kezdett , eleredtek a könnyei , még a nyála is kibuggyant , miután annyira tele lett vele a szája , hogy nem bírta lenyelni .
	kwic: nem bírta lenyelni
	kwic_new: nem bírta lenyelni
Original sent: Hogy aztán el bírd nekem mesélni , hogyan szakadt ezer darabra Butin érsek a vasútállomás elõtt .
	kwic: bírd nekem mesélni , hogyan
	kwic_new: aztán el bírd nekem mesélni , hogyan szakadt
Original sent: Most nem bír fölkelni , mivelhogy már alszik .
	kwic: nem bír fölkelni , mivelhogy
	kwic_new: Most nem bír fölkelni , mivelhogy alszik
Original sent: Talán azért , mert kevés olyan ember élt a környéken , aki meg bírta volna fizetni érte a felgyülemlett fekbért .
	kwic: bírta volna fizetni érte a
	kwic_new: aki meg bírta volna fizetni érte a fekbért
Original sent: Nem akadt senki , aki le bírta volna beszélni róla .
	kwic: bírta volna beszélni róla
	kwic_new: aki le bírta volna beszélni róla
Original sent: De te is tudod , amíg nem szerzek valahonnan pénzt , nem bírok elmenni sehova .
	kwic: nem bírok elmenni sehova
	kwic_new: nem bírok elmenni sehova
Original sent: Mixandra Slupinski fodrásznõt , akinek egyszer már majdnem udvarolni kezdtem , nem bírtam elfelejteni .
	kwic: nem bírtam elfelejteni
	kwic_new: nem bírtam elfelejteni
Original sent: De amilyen hülye lehetett , biztosan nem bírt háromig számolni .
	kwic: bírt háromig számolni
	kwic_new: biztosan nem bírt háromig számolni
Original sent: De látszott , a nõ nem bírja magát összeszedni .
	kwic: bírja magát összeszedni
	kwic_new: nõ nem bírja magát összeszedni
Original sent: - Újabban nagyon bírom fegyelmezni magam .
	kwic: nagyon bírom fegyelmezni magam
	kwic_new: Újabban nagyon bírom fegyelmezni magam
Original sent: És ennyi idõ elteltével már nem is bírtam örülni a hírnek olyan nagyon .
	kwic: is bírtam örülni a hírnek
	kwic_new: És elteltével már nem is bírtam örülni a hírnek nagyon
Original sent: - Ki bírok menni vele végig ? - kiáltott oda .
	kwic: Ki bírok menni vele végig
	kwic_new: - Ki bírok menni vele végig ?
Original sent: De csak azért , mert amúgy sem bírok mozdulni .
	kwic: sem bírok mozdulni
	kwic_new: amúgy sem bírok mozdulni
Original sent: Továbbá arról van -e tudomásod , hogy még a nyáladat sem bírod lenyelni ?
	kwic: sem bírod lenyelni
	kwic_new: még nyáladat sem bírod lenyelni
Original sent: - Mintha már mondtam volna , mozdulni sem bírok , akkor hová mennék .
	kwic: volna , mozdulni sem bírok
	kwic_new: volna , mozdulni sem bírok , mennék
Original sent: Egy garasról nem bírnék lemondani .
	kwic: nem bírnék lemondani
	kwic_new: garasról nem bírnék lemondani
Original sent: Nem bírok hozzányúlni .
	kwic: Nem bírok hozzányúlni
	kwic_new: Nem bírok hozzányúlni
Original sent: De amilyen hülye lehetett , biztosan nem bírt háromig számolni .
	kwic: bírt háromig számolni
	kwic_new: biztosan nem bírt háromig számolni
Original sent: De látszott , a nõ nem bírja magát összeszedni .
	kwic: bírja magát összeszedni
	kwic_new: nõ nem bírja magát összeszedni
Original sent: Olyan hirtelen nõtt meg a télen , úgy megbegyesedett , hogy most nem bírt begombolkozni .
	kwic: nem bírt begombolkozni
	kwic_new: most nem bírt begombolkozni
Original sent: Bundás Rekk csak úgy forgolódik maga körül , és nem bír szabadulni a krétaszagtól .
	kwic: nem bír szabadulni a krétaszagtól
	kwic_new: nem bír szabadulni a krétaszagtól
Original sent: Azok még mindig csak a tengert nézték , úgy tûnt , nem bírják elvonni tekintetüket arról a vonalról , ahol a víz az éggel érintkezik .
	kwic: nem bírják elvonni tekintetüket arról
	kwic_new: nem bírják elvonni tekintetüket arról vonalról , érintkezik
Original sent: - Én meg nem bírok szuszogni - mondta Barbara de Anatolia .
	kwic: nem bírok szuszogni - mondta
	kwic_new: - Én meg nem bírok szuszogni - mondta Barbara
Original sent: És nem bírok szuszogni .
	kwic: nem bírok szuszogni
	kwic_new: És nem bírok szuszogni
Original sent: Nikifor Puszta rá se hederített , nem is figyelt ezekre a badarságokra ; abban ezek a lányok mind egyformák voltak , valami idegbajos konoksággal egyre csak a szeretetrõl bírtak beszélni .
	kwic: szeretetrõl bírtak beszélni
	kwic_new: konoksággal csak a szeretetrõl bírtak beszélni
Original sent: Egy ideig nem is értettem , egy ilyen öreg motoros hogy nem bírja takarni bosszúságát .
	kwic: nem bírja takarni bosszúságát
	kwic_new: motoros nem bírja takarni bosszúságát
Original sent: Nem bírt megfordulni benne a természet .
	kwic: Nem bírt megfordulni benne a
	kwic_new: Nem bírt megfordulni benne a természet
Original sent: " S ez a Husz kellett énnekem : a szelíd , alázatos , békére vágyó ember , akit azonban megfogott az igazság - az õ agyában kialakult igazság -, s ezt nem bírja elereszteni .
	kwic: nem bírja elereszteni
	kwic_new: ezt nem bírja elereszteni
Original sent: Ó , tudom , ha újraéledsz és a holt az élet fája lesz , olyan vigyázva mégsem bírlak eltakarni , hogy ne kelljem ismét nemsokára õreidhez visszajönnöm , s téged újra visszakérnem .
	kwic: mégsem bírlak eltakarni , hogy
	kwic_new: vigyázva mégsem bírlak eltakarni , hogy kelljem
Original sent: s az ismét-szûkebb-körre-vont világban zavar nélkül bírjak tovább mozogni
	kwic: bírjak tovább
	kwic_new: s világban nélkül bírjak tovább mozogni
Original sent: Az agy bírjon javukra tenni okos-szelíd fegyelmezéssel .
	kwic: bírjon javukra tenni okos-szelíd fegyelmezéssel
	kwic_new: agy bírjon javukra tenni okos-szelíd fegyelmezéssel
Original sent: Talpára bír -e állni még e láb ?
	kwic: bír -e állni még e
	kwic_new: Talpára bír -e állni még e láb
Original sent: ki tudja meddig tart a tétovázás , lesznek esendõk lábunk útjai , bírjuk magunk beigazítani , s folytatódik a látszat-folytatódás ?
	kwic: bírjuk magunk beigazítani , s
	kwic_new: bírjuk magunk beigazítani , s folytatódik
Original sent: A jármûvek nagyon zajongtak kíméletlen szél jött a hegyrõl órákig próbáltam alakját arcát valakinek odaadni de bár fullasztóan nehéz volt meg kellett tartanom magamban és vittem körbe össze-vissza õ nyilván semmit sem gyanított kigyulladtak lassan a lámpák s lehajoltak belém hajoltak fényüknél láttam egyre jobban a fölhízó feketeséget részét a gyûlõ éjszakának azzal többet hogy élesen fájt és hogy nem bírt elmúlni tõlem
	kwic: nem bírt elmúlni
	kwic_new: nem bírt elmúlni tõlem
Original sent: s a fekete s fehér között a különbség kisebbedik Nem az elsõ kész járatokba ömlik a nehéz üröm a mell izmainak ismétlõdés a terhelés megszelídülnek újra a buszok és teherautók segítséget ígérnek gyógyulást az utolsó pillanatban lép csak elõlük el a láb Az elme érti hogy megint nem érti okot kutat s biztos hogy nem talál okot gyakran marad nyitva a szem éjente s nézi a plafont s hogy vörösség rámázza be reggel mutatja a tükör Nem az elsõ szomorú lenne hát hogy újra hogy megint nyomorúság veszteség megverettetés de nem szomorú lámcsak inkább biztató hisz aki így bír még érezni akiben ily éles kín képes teremni még erõsen él az és kíván is élni ha nem tudja is
	kwic: bír még érezni akiben ily
	kwic_new: aki így bír még érezni akiben ily teremni
Original sent: Csak egy fényképed maradt volna , most hasztalan beszélnek rólad öregebbek , kik tisztább szemmel , megállapodottabban néztek , nem bírom arcod fölismerni .
	kwic: bírom arcod fölismerni
	kwic_new: nem bírom arcod fölismerni
Original sent: Most hasztalan beszélnek rólad öregebbek , kik tisztább szemmel , megállapodottabban néztek , nem bírom arcod fölismerni .
	kwic: bírom arcod fölismerni
	kwic_new: nem bírom arcod fölismerni
Original sent: Ó , tudom , ha újraéledsz , és a holt az élet fája lesz , olyan vigyázva mégsem bírlak eltakarni , hogy ne kelljen ismét nemsokára õreidhez visszajönnöm , s téged újra visszakérnem .
	kwic: mégsem bírlak eltakarni , hogy
	kwic_new: vigyázva mégsem bírlak eltakarni , hogy kelljen
Original sent: Elõled hozzá pártolok , s gáncsodtól el nem bukhatok , ha el bírok hasalni jól .
	kwic: el bírok hasalni jól
	kwic_new: el bírok hasalni jól
Original sent: Hasznos a törvényt tudni de se színe se szaga Hova bír vele jutni éhség szomj indulata ?
	kwic: bír vele jutni éhség szomj
	kwic_new: színe bír vele jutni éhség szomj indulata
Original sent: Tüzeket nyíló fekete rét esti város a völgyben Félénk és izgatott mint aki jót vár de gyanakszik Örömeit bánatait négy fal közé vitte a lélek osztogatja és csillapítja hogy el bírja viselni álmát
	kwic: el bírja viselni
	kwic_new: el bírja viselni álmát
Original sent: Aztán a jelek sokasodtak s a maguknak megtanult szerepet nem bírták titkolni tovább
	kwic: nem bírták titkolni
	kwic_new: szerepet nem bírták titkolni tovább
Original sent: Urak állata színre ember állatnál sújtottabb mivel tudja magáról sorsa rángó keserû tenger keserû ürmöt nyalint számról a nyelvem s fulladok nincs visszafelé nincs mód üvöltenem holott nem volt elég kellettem volna én is kellettem volna lám én megmaradtam s hány öcsém húgom alig-csont szeme sár sár a szeme amire nézett miért nem mihelyt szólni bírtam miért nem kezdtem zúgni értük sírni értük lázadni értük ne annyi csont-öcsém ne annyi csont-húgom annyi sárszemû öcsém húgom maradjon - -
	kwic: nem mihelyt szólni bírtam miért
	kwic_new: nem mihelyt szólni bírtam miért
Original sent: Szerteoszlik fûbe fába pillangó lesz és virág lesz egyszer volt nem lenni nem bír
	kwic: volt nem lenni nem
	kwic_new: volt nem lenni nem bír
Original sent: " Én ellenkezõleg szóhoz se bírtam jutni amikor õ is jelen volt "
	kwic: se bírtam jutni amikor õ
	kwic_new: Én ellenkezõleg szóhoz se bírtam jutni amikor õ is volt
Original sent: Nem bírunk egyedül maradni , pedig már fojtanak a kikívánkozó szavak , a megszületni vágyó mozdulások , mocorgó vallomások .
	kwic: bírunk egyedül maradni , pedig
	kwic_new: Nem bírunk egyedül maradni , pedig fojtanak
Original sent: Mondjuk karácsonyestre mondjuk megjönnétek családi ünnep ez így szokás a nagyszülõknél ha gyermekeik unokáik nem bírnak menni mint mi sem most Nekem magamnak is eléggé rázós ügy lenne magyaráznom mi volt azóta hogy nem úgy van hogy szó sincs róla De a cifra ismerkedések erre-arra az új családtagokkal éppen keservessé tennék az estét -
	kwic: nem bírnak menni mint mi
	kwic_new: unokáik nem bírnak menni mint mi lenne
Original sent: Írok tél jön mindig jobban bebújtok én csak a nyarat írhatom teleitek futó ismerõseim nem tudok róluk sokat sem értük nincsenek sem ellenük tanácsaim persze a nyár is hasznos és én épségben õrzöm és küldöm Ti magatoknak nehezen idézhetitek föl : mögéjük dõltek az õszök nyirkos-göcsörtös nap-szálfái Írok mind karácsonyibb lesz a szél néhány hét múlva advent és ilyenkor érzékenyebb az ember sõt érzelmesebb szereti ha körülfogják körülbeszélik ha el bírja hitetni magával hogy támadhatatlan hogy érdemes élni Írok de a feladót elhagyom legtöbb levelem visszakapnám az iszonyú kis cédulákkal : " Meghalt " " Ismeretlen "
	kwic: el bírja hitetni magával hogy
	kwic_new: el bírja hitetni magával hogy visszakapnám
Original sent: Haj , Gombos Pisti , óriás , hogyhogy azt a kevés földet se bírod lelökni magadról ?
	kwic: se bírod lelökni magadról
	kwic_new: hogyhogy földet se bírod lelökni magadról
Original sent: Inkább falidíszt fura csillárt a csigolyákból egyebekbõl ( ahogy a kapucinusoknál ) a csontváz gyõzni sose bírjon Éjszaka ? - a fény erejéért veszékelés ? - a szebb dalért Az elsõ életért örüljünk ami ma is rendíthetetlen Mindent magunkért ( a világért ! )
	kwic: a csontváz gyõzni sose bírjon
	kwic_new: ahogy a csontváz gyõzni sose bírjon Éjszaka ? veszékelés ? örüljünk
Original sent: Hasznos a törvényt tudni de se színe se szaga Hova bír vele jutni éhség szomj indulata ?
	kwic: bír vele jutni éhség szomj
	kwic_new: színe bír vele jutni éhség szomj indulata
Original sent: Tüzeket nyíló fekete rét esti város a völgyben Félénk és izgatott mint aki jót vár de gyanakszik Örömeit bánatait négy fal közé vitte a lélek osztogatja és csillapítja hogy el bírja viselni álmát
	kwic: el bírja viselni
	kwic_new: el bírja viselni álmát
Original sent: a ribizli és a szõlõ õk már inkább rákbeteg sárgulással az egész kertet bánattal beszórva s a sor végén a kórház-kertbõl egy-egy ágát átnyújtó aggastyán akácfa a legkésõbb elalvó s ébredõ Valamennyin látszik a nyugtalanság csöpp légmozgásban is nagyon remegnek súgnak-búgnak : egymást s maguk csitítják ( hiszen Júlia is - bár esküdözve hogy bátor lesz - mielõtt az üvegcsét kihörpintette megborzadt a szörnyû kételytõl hogy fölébred -e megint ) Mert nincs itt sincs biztos garancia s a hervadás egyfajta kishalál : a halál szokásos tünetei vonulnak föl s ki tudja hogy a szokvány folyamat megáll -e meg bír -e állni a még eltûrhetõ végsõ határnál vagy túllép rajta s nem lesz visszaút ?
	kwic: bír -e állni a még
	kwic_new: meg bír -e állni a még határnál vagy
Original sent: Lehet lehet föltámadhat a már haldokló igyekezet mint vitális kutya melyen átment a kerék s utána megrázza magát s el is bír futni még
	kwic: is bír futni
	kwic_new: el is bír futni még
Original sent: S kérjem kegyét ? ( Meg-megbántottad õt ) Vagy épp nevessem ki a temetõt hisz úgyse bír csinálni mást veled mint elfogadni tárgy-lett testedet majd széjjelrágni úgy hogy nem marad belõled csak csont s egypár szõr-pamat ? - Most majd búcsúztatnak szónoklatok ha hallgatod röhögsz rajtuk nagyot : ( Élõként így kevés értõ dicsért hogy meghaltál dicsérnek mindenért - ) Bennem megint ûrebbé vált az ûr kegyetlen fájás fáj kegyetlenül : száz- és százezren birkóztak vele akadt -e már a sok-sok némelye ki elfogadta azt hogy van hogy élt s egyszercsak nincs nincs - végleg végetért ? - Hõsködni hogy " Legvégsõ percemig ! " hogy " Míg erõmbõl egy betû telik ! "
	kwic: úgyse bír csinálni mást veled
	kwic_new: úgyse bír csinálni mást veled mint hogy
Original sent: Nem bírom kihúzni .
	kwic: Nem bírom kihúzni
	kwic_new: Nem bírom kihúzni
Original sent: A gombolyag kibomlott , a fonál rátekeredett a Nagy Horgászra , hogy már moccanni se bírt .
	kwic: hogy már moccanni se bírt
	kwic_new: hogy már moccanni se bírt
Original sent: Üres kezembe rózsát képzelek , üdvözlöm tûnõ ifjúságom , ellép bujtató levelek hátán , foszforeszkáló lábnyom ; sírásba megszakadni nem bírt szívem , keresve otthonát , csontomig hamvaszt el a hit , s az álom síetve megáld .
	kwic: ; sírásba megszakadni nem bírt
	kwic_new: ; sírásba megszakadni nem bírt szívem , hamvaszt
Original sent: A papa nem bírta megállni megjegyzés nélkül , méregette a kutyát .
	kwic: nem bírta megállni megjegyzés nélkül
	kwic_new: papa nem bírta megállni megjegyzés nélkül , méregette
Original sent: Meg se bírnak moccanni !
	kwic: se bírnak moccanni
	kwic_new: Meg se bírnak moccanni
Original sent: Nem bírlak követni !
	kwic: Nem bírlak követni
	kwic_new: Nem bírlak követni
Original sent: Gyere arrébb , mert nézni se bírom ! <ptr target="stage.334"/>
	kwic: , mert nézni se bírom
	kwic_new: , mert nézni se bírom
Original sent: De most nem bírom hallgatni , valahogy az idegeimre megy .
	kwic: nem bírom hallgatni , valahogy
	kwic_new: De most nem bírom hallgatni , valahogy megy
Original sent: Én nézni se bírom !
	kwic: Én nézni se bírom
	kwic_new: Én nézni se bírom
Original sent: - Gyere arrébb , mert nem bírom hallgatni !
	kwic: nem bírom hallgatni
	kwic_new: nem bírom hallgatni
Original sent: De most nem bírom hallgatni , valahogy az idegeimre megy !
	kwic: nem bírom hallgatni , valahogy
	kwic_new: De most nem bírom hallgatni , valahogy megy
Original sent: A szál rátekeredett mind a négy lábára , hogy moccanni sem bírt .
	kwic: , hogy moccanni sem bírt
	kwic_new: , hogy moccanni sem bírt
Original sent: Végül nem bírták tovább nézni , kivitték a fáskamrába , rácsukták az ajtót .
	kwic: bírták tovább nézni , kivitték
	kwic_new: Végül nem bírták tovább nézni , kivitték fáskamrába , rácsukták
Original sent: Egy napig nem is bírta abbahagyni !
	kwic: is bírta abbahagyni
	kwic_new: napig nem is bírta abbahagyni
Original sent: A zene hatása alatt , úgy rémlik , azt érzem , amit voltaképpen nem érzek , megértem , amit nem értek , meg bírom tenni , amit nem bírok ! "
	kwic: meg bírom tenni , amit
	kwic_new: meg bírom tenni , amit bírok
Original sent: Minduntalan fulladási rohamok érték , beszélni alig bírt .
	kwic: érték , beszélni alig bírt
	kwic_new: Minduntalan rohamok érték , beszélni alig bírt
Original sent: László után a harmadik kritikus , akit gimnazista koromban el bírtam olvasni , ami igénytelen szótáramban annyit jelent , hogy akiért szenvedélyesen lelkendezni kezdtem .
	kwic: el bírtam olvasni , ami
	kwic_new: után akit koromban el bírtam olvasni , ami jelent
Original sent: Ittak , a dramaturg újra töltött , Dakut röhögõgörcs fogta el , nem bírta abbahagyni , felvillant elõtte a kéményseprõ , ahogy fogcsikorgatva köpködi a tetveket meg a poloskákat .
	kwic: nem bírta abbahagyni , felvillant
	kwic_new: nem bírta abbahagyni , felvillant elõtte kéményseprõ , köpködi
Original sent: Nem bírt otthon maradni , elhatározta , hogy helyszíni szemlét tart .
	kwic: bírt otthon maradni , elhatározta
	kwic_new: Nem bírt otthon maradni , elhatározta , hogy
Original sent: Hát így , sorban , ahogy mondom : a fagylaltos még egyszer , egy gyerek , de nem az , aki az elõbb volt , két kislány egyszerre , az üres pad , egy szemétkosár , a padon ülõ bácsi harmadszor , biztos elmondja , hogy pedig nem is érik a gesztenye ; de nem várom meg , mert akkor nem bírom követni .
	kwic: nem bírom követni
	kwic_new: akkor nem bírom követni
