, képes kihalászik az érme
vállal az apaság
ami tovább átlényegül képes
képes úgy csobog , mint
van képes megbirkózik a könyv
úgyse képes töröl , teljes
mindig képes elkódorog , az
árkondíció képes elér
még csak megközelít is képes
aki képes megszervez és irányít
képes van él
van képes kifog egy jó
képes mégis meglát . -
nem képes gyarapít , vagy
képes lesz kiereszt a gõz
van képes félreért
másik érv felfog képes vitapartner
mi képes reagál még
színtiszta képes felmutat a fasizmus
segítség képes megragad a hatalom
segítség képes megragad a hatalom
bárki képes megfertõz
van képes felfog , vajon
pedig képes lecserél egy ilyen
képes ez alárendel az aktuálpolitikai
nem képes mond , hogy
nyílt képes beszél a szekszualitás
képes van elénekel Figaro Mozart
képes lesz kielégít a VDM
feladat képes elvégez
is képes kielégít
processzor képes kezel
is képes beavat a tervezett
képes elég tesz a mûszaki
egység képes teremt
nem képes felfog a víz
egyszer képes táncol megy
képes majd összefog az a
lesz képes megtart , ha
eredmény képes hoz , oda
állapot képes rögzít
hogy képes legyõz a gazdaság
volna képes befogad
át csak végiglapoz képes
képes tûz hoz hallgatóság ,
rendszer képes csinál - jelent
képes maradéktalan teljesít a rábízott
rész képes azonosul - a
tehén képes eltart
képes másképp él
képes azonnal felismer a számukra
képes fokozatos elhagy a gyógyszer
korábban csak elképzel van képes
képes felül emelkedik a már
amely képes elnyom a rákkeltõ
képes élet marad a protozoa
hullámtevékenység képes szinkronizál a zajszerû
képes akaratlagos irányít a kánon
képes van lektorál a jövõ
az képes rákényszerít valaki ,
társadalom képes tesz valami a
információ képes közvetít , mint
talán képes visszaállít az élet
képes jó megítél , hogy
van képes keresztülvisz , -
képes jó dönt , ha
vala képes fölgerjeszt , alig
még tudomás vesz sem képes
volna képes vesz
bármibõl képes kohol , még
képes lesz megfelel a járvány
hogy képes biztosít a kifizetés
képes válasz ad polgár igény
európai munkakörnyezet biztosít képes európai
képes lesz él az EU-tagság
nem képes megfizet , kisgazdálkodás
lesz képes elvisel , de
párt képes felismer az a
mód képes ellát az a
kár képes okoz a szélsõséges
nem képes teljesít a Magyar
törvény képes megmond vagy ha
változás képes hoz az ország
amely képes nyer
képes annyi teljesít , mint
képes van teljesít a bíróság
nem képes kompenzál a család
amely képes betekint az ügy
képes van megcselekszik , akkor
van képes megvalósít
lesz képes megtart
képes ez hozzájárul
lesz képes fejleszt , az
van képes megtart hatalom
képes akkora tágít szív ,
nem képes törleszt lakáshitel
hogy képes összefog , egység
is képes felszít a szenvedély
nem képes megfelel a jövõ
képes van gondoskodik utas cél
nehéz képes elvisel egymás
képes -e hasznosít ez a
képes bent marad a kabin
szerver képes kommunikál , és
üzemmód képes mûködik
rengeteg képes kiszûr az antispam
automatikus képes letölt és telepít
kár képes okoz
ezer képes átver
is képes átvesz , illetve
igény képes kielégít
értelmez és kezel is képes
is képes csatlakozik
amely képes felismer a szokatlan
élmény képes nyújt a felhasználó
képes van megtámad és kifoszt
képes van túllép az elsõ
képes alak vált , egyszer
lesz képes kidönt
termék képes elszakad a filmektõl
nem csak megvéd képes maga
Flyer képes megfelel a felület
sebesség képes letölt , harmadrész
minden képes átemel az IOS
sok képes gyorsít
technológia képes megelõz az olyan
is képes együttmûködik , mint
az ez fogad képes megjelenítõ
százalék képes kiszûr
virtual PC fut képes vas
hangkártya képes emulál , így
képes lesz bejátszik a friss
aki képes összeállít a prototípus
nélkül képes lejátszik az MP4
képes dinamikus szabályoz teljesítmény
lesz képes kivitelez az atomerõmû
sem képes kitermel , mert
nem képes kigazdálkodik a biztosítási
képes ár emel , mert
korábbi tapasztalat hasznosít nem képes
is képes kihasznál az ,
menekült képes elhelyez
képes mi tesz azon tagállam
mégis képes fenntart az erõegyensúly
képes lesz megfelel a magyar
képes van felmér viselkedés hatás
olaj képes átalakít , majd
van képes kiizzad maga a
képes van fogad a klubrádió
képes úgy beszél , hogy
is képes árul a képzés
jelölt képes fordít az állás
is képes gyorsít , de
képes másodperc készít a D2Xs
idő képes megtart a fej
szövet képes alakul
nem képes ellenáll az édesség
lesz képes leborul a napnyugati
sem képes megért , a
még tovább szegényedik képes falu
hogy képes megszerez az akkreditáció
majd képes teljesít a követelmény
ajánlat képes nyújt , amely
képes lesz nyer a Lotus
képes lesz nyer
bárhonnan képes kihagy a helyzet
határozott képes válaszol " az
képes lesz megelõz , megakadályoz
képes lesz dolgozik , mégsem
is képes kiszámít , hogy
72 lövés lead képes fegyver
képes rész vesz " -
is képes navigál és megtalál
van képes megbirkózik az ország
képes út áll a jogsértés
képes van ellenáll a vásárlás
nehéz képes elismer , ha
van képes dolgozik mostanában ,
mennyi képes együttmûködik
, képes átalakít csapat játék
képes lesz jelez , hogy
képes lesz kiharcol a hely
képes van fordít
honlap folyamatos megfigyel képes rendszer
is képes kinyit a jármûv
azonban képes detektál az egyes
képes lesz él , a
is képes befolyásol a Bitcoin
nem képes elvisz " -
képes feleség vesz egy ilyen
nem képes feldolgoz "
képes utánoz a hagyományos
skála képes feldolgoz
is képes fennmarad a föld
nem képes visszaállít a járóképesség
utas képes átvilágít a korábbi
vezetõ képes megold a válság
a kísértés ellenáll képes ingerkeresõ
díjszabás képes finomít
nem képes gyakorol az ár
képes rend hoz a reménytelen
képes lesz javít a városi
képes külön-külön kezel a kétféle
laboratóriumi munka megvalósít képes és
, egy fejlõd képes kisváros
adag képes bevág , majd
nem képes fenntart egy intézmény
rezonál , együttmûködik képes egyed
maga képes foglal
van képes ellenáll az új
kõ képes megindít a gondolat
mennyi képes ellenáll isten
képes megfelelõen dönt a város
képes csak biztosít az internet
nem képes megakadályoz , hogy
ami képes elkap és lenyel
is képes szalad a sziklás
brit haditengerészet szembeszáll képes flotta
és késõbb használ van képes
hallás képes elkülönít két egymás
is képes kommunikál
nem képes értelmez , ilyenkor
képes van feltör a 66
nem képes elvisel a ők
terület képes ellát ( román
sebesség képes elér zuhanórepülés és
van képes megszerez , és
képes van átüt 86 mm
a képes kezel a bájt
is képes szállít ( M1075
is képes megnyit , átnevez
van képes megsemmisít
is képes hat a játékos
és képes együttmûködik a felszíni
képes Jézus beszél
nem képes visel , de
õk képes támad és eljut
õ képes megajándékoz
képes van biztosít , hogy
lesz képes visszafizet hitel ,
képes maga tér , és
nem képes kilábal a válság
hogy képes pánikol , például
aki képes megfelel az osztrák
lesz képes helytáll az Ázsia
aki képes megír egy jó
vegyület képes emel felhasználó hangulat
képes egyben tart
képes van nyit a boldogság
baba képes odacsalogat ember
aki képes megfékez az arrogáns
mégsem képes tiltakozik
mégsem képes tiltakozik
mégsem képes tiltakozik
mégsem képes tiltakozik
mégsem képes tiltakozik
mégsem képes tiltakozik
mégsem képes tiltakozik
mégsem képes tiltakozik
mégsem képes tiltakozik
mégsem képes tiltakozik
mégsem képes tiltakozik
mégsem képes tiltakozik
mégsem képes tiltakozik
mégsem képes tiltakozik
mégsem képes tiltakozik
mégsem képes tiltakozik
mégsem képes tiltakozik
mégsem képes tiltakozik
mégsem képes tiltakozik
mégsem képes tiltakozik
sem képes számol
képes lesz kezel minden helyzet
képes életképes marad
lesz képes legyõz
képes ez beleás maga ,
képes lesz lemond ő -
aki képes felad mind egyetlen
aki képes szembeszáll a Fidesz
képes lesz továbblép
képes lesz továbblép
képes lesz továbblép
képes lesz továbblép
képes lesz továbblép
képes napirend tér felette ,
nem képes elkap az az
õ képes lát és hall
is képes letér , ha
nem képes megszintetizál
képes úgy irányít az ember
is képes öl
képes ugyanúgy átenged a fény
hogy képes kezel a sarkköri
nem képes elvisel - ez
képes van megtermel a termék
alatt képes elõteremte a ő
képes van megvásárol a lakás
képes lesz leföldel
képes lesz tönkretesz ( a
képes úgy fut , ahogy
lélek szenny lemos képes
van képes legyõz és mi
is képes megjelenít
is képes felgyorsul a nagy
kilométer képes megtesz , akár
képes van megelõz a Hungaroring
: képes elnyer olyan ember
õszintén képes feltár lélek mély
amely képes megváltozik a világ
nem tud megszokik
õszintén képes feltár lélek mély
nem képes fizet
sem képes eltalál ő
lakosság képes fizet a néhány
ügy képes felfog , és
( képes megtesz ) on
képes mind felad egyetlen egy
isten képes felemel az ember
képes lesz újrakezd &lt;
isten képes felemel az ember
képes közvetlen befolyásol a tudat
az képes megkérdez : "
képes van megújul és elsõ
képes ez észrevesz
képes rend tart a fõváros
sor képes elér a vágytalanság
képes bárki teletöm a fej
lesz képes végigül mond heti
kerül képes kiiktat az élelmiszer-allergia
képes van megteremt az élet
, ami nevet van képes
valóban képes felülmúl a D3D
van képes felfog egyszerre sok
lesz képes jár és önálló
hogy képes megragad ez a
probléma képes megold - mond
történet képes végighallgat és befogad
képes megért õ és
képes ugyanannyi bevilágít egy helyiség
nem képes mosolyog az eladó
képes idõben vált , eltûnik
észrevétlen képes átjut az országhatár
meddig képes elmegy a kormány
hogy képes kitermel egy olyan
sor képes ellát távhõ
van képes újraéleszt a globális
képes van elszakad , tesz
érkezik önmaga reprodukál van képes
képes nem mond
képes nem mond
is képes használ a poszt
képes nem mond
csapadék képes befogad , majd
képes nem mond
képes nem mond
képes nem mond
képes nem mond
képes nem mond
képes van kiáll versenyez
képes van kamatozik is
képes nem mond
képes nem mond
is képes készít ilyen kép
képes nem mond
képes nem mond
képes nem mond
most képes enged és befogad
nem képes megvéd maga
most képes enged és befogad
most képes enged és befogad
most képes enged és befogad
most képes enged és befogad
képes mi megörvendezik abszurd oldal
aki képes kontrollál az állat
part képes elmos
is képes lerak
támogatás képes keresztülvisz akarat a
is képes megfoszt az élettõl
képes van sír egy film
nem képes felülír
tömeg képes megjelenik és felemel
mód képes nyal az õ
nem képes figyelmez az eladó
épp képes elvisel , mikor
