ő , pihen nem szándékozik
nem szándékozik visszatér város
szándékozik fej ver , hanem
másnap szándékozik elkér apa a
itt szándékozik felépít a fonoda
haza szándékozik megy , és
- szándékozik visszaad , ám
ami õ tanít szándékozott a
mûködés szándékozik megalapoz
is kihasznál erõsíte szándékozik a
ennyi szándékozik elmond
mondat szándékozik módosít az 1993
mi szándékozik tesz a hiányosság
intézkedés szándékozik tesz a tömegpusztító
döntõbizottság szándékozik fordul
a jövõ kiderít szándékozik
ez szándékozik tesz a jövõ
után mégiscsak szavaz szándékozik ez
intézkedés szándékozik beszed ez a
szándékozik teljes tesz - illetõleg
amely felségterület beutazik szándékozik ,
pótlefölözés szándékozik kivet az európai
nem szándékozik lemond
szándékozik az szúr a vértõl
) szándékozik üzemel
ilyen szándékozik tesz
cél szándékozik létrehoz az elõzõ
lépés szándékozik tesz az érdek
szándékozik Win95- feltesz
nem szándékozik megfeledkezik az ,
aki szándékozik felemelkedik , az
nem szándékozik eljön , nem
sajtóértekezlet szándékozik bemutat
szervezés szándékozik összefog a diákönkormányzat
összehangolt szándékozik kezel a mezõgazdasági
nem szándékozik elfogad a tiszt
földgáz szándékozik vásárol , de
szándékozik az kibõvíte általános vagyondézsma
- látható tesz szándékozik :
szándékozik Dagesztán marad , majd
lát és lát szándékozik ,
forint szándékozik fordít a kht.
jövedelem szándékozik biztosít
a kormány lazít szándékozik az
nem szándékozik felad
APEH ) minimalizál szándékozik az
közös szándékozik kormányoz
karikatúra szándékozik megjelenik az egyik
nem szándékozik beperel az egészségbiztosító
fél szándékozik megkezd az uniós
ív szándékozik feltesz
mi szándékozik tesz a kormányzat
a kislány bánt szándékozik ,
támogatás szándékozik ad , mint
nem szándékozik megtámad Tajvan
már zöm marad is szándékozik
annyi szándékozik telefonál ismerõső ,
szándékozik -e megvalósít
Fõiskolára szándékozik küld saját ember
mellett , erõsíte szándékozik az
rendszer szándékozik táplál
százalék szándékozik vesz
tonna szándékozik növel
kapcsolat is szigorít szándékozik
vízumkényszer szándékozik bevezet a terület
elégedetlen szándékozik nyilatkozik , csupán
is szándékozik indít , amiért
csökkentés szándékozik megold a fõváros
újságcikk szándékozik ír a disputa
szerep szándékozik játszik a Közel-kelet
Rouge szándékozik megünnepel
nem szándékozik vakációz és költ
megállj szándékozik parancsol az erõsödõ
nem szándékozik elhalaszt a kormányzat
az állítólag vásárol szándékozott amerikai
nem szándékozik felad politikai pályafutás
növelés szándékozik elfogad
eladás szándékozik fedez
szövetség szándékozik tömörül
tanácsos szándékozik tevékenykedik a jövõ
mûsor szándékozik tart világos
állomás közel felhúz szándékozott üzem
, amikor lõ szándékozik
nem szándékozik elad csatár ,
szabályváltoztatás szándékozik bevezet a nemzetközi
nem szándékozik felad az együttmûködés
minden tér folytat szándékozik
ellen szándékozik tiltakozik
részérol jövendore megszüntet szándékozik "
papnevelés is átszervez szándékozik
hiba szándékozik kijavít , vagy
teljesítmény szándékozik hozzájárul , s
Jósika újra nõsül szándékozik ,
tanulmány szándékozik ír a népnyelv
eljárás szándékozik indít Funar ellen
szándékozik összeegyeztethetõ tesz a nõ
szándékozik helyiség bérel , valamint
mi szándékozik tesz
mikor szándékozik lecsurog
egyedül szándékozik eltölt
is szándékozik kezdeményez
bank anyagilag támogat szándékozik a
, amely mûvel szándékozik ,
beton szándékozik beépít
nem szándékozik kimegy a temetés
sem szándékozik fizet a magyar
szándékozik rendszeres tesz , hogy
õ vendég lát szándékozik ,
nem is értelmez szándékozik ,
messzebbrõl szándékozik nekirugaszkodik : Ricky
Szabadka szándékozik költözik , közel
ahol még marad szándékozik az
ha valami csinál szándékozik elõbb
MAO-POE-bõl szándékozik kinöveszt , valahogy
idõpont kezd gyárt szándékozik
vagy szándékozik tesz
, amely elfogad szándékozik
engedély szándékozik kibocsát
elfogad vagy elfogad szándékozik az
élelmiszer-összetevõ szándékozik felhasznál , az
meg szándékozik felel , amennyiben
vissza szándékozik von valamely három
közösség szándékozik exportál
a bizottság követ szándékozik a
át szándékozik tér egy "
fejlesztés szándékozik támogat az elmúlt
hová szándékozik elhelyez a CAG-
bizottság közvetlen integrál szándékozik az
amely alap értékel szándékozik az
egy képviselõ megbíz szándékozik
szándékozik javaslat tesz
vagy szándékozik kezd
vagy szándékozik kezd
jog szándékozik kiegészít a preambulumbekezdés
elérés érdek meghoz szándékozik
teljesítmény szándékozik felmér ( lát
nem szándékozik alkalmaz a védzáradék
kritérium szándékozik alkalmaz
igénylés szándékozik benyújt , az
rendszer alap ellentételez
hadsereg által használ szándékozott újonnan
vagy szándékozik halász , a
most szándékozik elvégez a jogszabály
EUR szándékozik költ az indiai-óceáni
miként szándékozik kezel a sok
tisztségviselõire szándékozik kiterjeszt , akkor
szándékozik igény vesz , vagy
gondos szándékozik véd , a
javaslat mi módosít szándékozik gyakorlati
javaslat szándékozik megfogalmaz
ami éppen dicsér szándékozik ,
mi szándékozik tesz a kormány
lehetõségé szándékozik felkínál a fogyasztó
mi szándékozik tesz ön a
külföld szándékozik terjeszkedik
elhárítás érdek megtesz szándékozik
nem szándékozik beleszól ez a
milliárd forint növel szándékozik az
rendelkezés is módosít szándékozik ,
feltüntet mint módosít szándékozott szövegrész
az iskolás utazik szándékozik ,
informatika szándékozik költ
mi szándékozik tesz , hogyan
pénztár szándékozik leépít
, ami elmond szándékozik ,
forint szándékozik
szándékozik tesz
keret szándékozik rendez
együtt szándékozik megrendez a világkiállítás
feladat szándékozik ró az Országgyûlés
szándékozik készpénz értékesít az ÁVÜ
étlap pusztán felvillant szándékozott az
most szándékozik áttekint a meglévõ
járulék szándékozik megállapít , ami
eredeti javaslat módosít szándékozott
millió szándékozik elvon a pótköltségvetés
, vagy foglalkozik szándékozott az
szándékozik többletteher rak a lakosság
a kormányzat megspórol szándékozik ,
nem szándékozik hozzászól , bár
és szándékozik összekapcsol a kettõ
rendszer szándékozik kialakít , azonban
hanem szándékozik lép is
törvényjavaslat szándékozik bevezet ez az
ez eltöröl szándékozik a
vitanap szándékozik elmond a gondolat
mi szándékozik fejleszt
vagy csak provokál szándékozik Csáky
, vagy csatlakozik szándékozik az
választás szándékozik elindul , jogosult
évkönyv szándékozik közzétesz
euró szándékozik elkülönít a védelmi
szándékozik erõszak alkalmaz cél elérés
Révkomárom szándékozik utazik az a
szándékozik rész vesz : 1
nem szándékozik elhagy Líbia "
is szándékozik hazatér - ír
nem szándékozik mérgez az ember
le szándékozik mond az amerikai
, ezért emel szándékozik az
járat szándékozik hazautazik
most szándékozik beindít
tulajdonjog szándékozik szerez a Sharp
szándékozik rend tesz
nem szándékozik csacsog , lévén
mikor szándékozik kiad játék a
rivális szándékozik beindít , amely
mikor szándékozik felfed maga a
lejátszó szándékozik bemutat a közelgõ
mikorra szándékozik befejez
segédeszköz szándékozik közzétesz , amely
százalék szándékozik csökkent
megbízatás szándékozik ellát a polgármesteri
terv szándékozik kidolgoz , amely
független szándékozik indul a polgármester-választás
nem szándékozik levon a következtetés
) szándékozik utazik , hogy
külföld szándékozik megy , érdeklõdik
az által átvesz szándékozott hajdúsámsoni
megosztottság szándékozik zülleszt a társadalom
összeg szándékozik visszaad a nyugdíjas
szándékozik részlet belemegy
hogy Magyarország csatlakozik szándékozik az
a Hyunday exportál is szándékozik
jövõ hét ismer szándékozik kiadáscsökkentõ
nem szándékozik átad technológia és
díjszabás szándékozik bevezet , holott
szándékozik gáz elad az a
izraeli kabinet támogat szándékozik Abbászt
urnazárás elõtt közöl szándékozik Hollandia
szándékozik önszántából lemond " -
tevékenység szándékozik kifejt , vitás
nem szándékozik aláír a kiotói
célpont szándékozik megtámad , mint
ív szándékozik húzódik , és
sem szándékozik költ , Várszegi-kaliberû
kevés szándékozik szavaz , mint
, aki megismer szándékozik ,
az szándékozik figyelmez , hogy
blokád szándékozik megsért , az
euró szándékozik fordít átképzés és
formaterv szándékozik megújít
nem szándékozik elhagy a Real
az szándékozik bemutat , miért
nem szándékozik eltöröl ez a
lakás szándékozik felhúz saját 7,5
szándékozik elég tesz a Gidó
emelés szándékozik finanszíroz a fõváros
szándékozik eljárás indít , de
nem szándékozik hozzájárul a gyorsított
is szándékozik megtesz
is szándékozik leállít az
átalánydíj szándékozik felszámít az expedíció
szándékozik elégtétel vesz az õ
nem szándékozik lazít fennhatóság a
dollár szándékozik költ az ûrállomás
miniszterelnök-helyettes szándékozik szavaz , s
pénz szándékozik fordít az utód
mi szándékozik tesz Chávez híve
dollár szándékozik adományoz , hogy
mennyi szándékozik költ
nem szándékozik szerepel a nemzeti
maratonfutás szándékozik elindul , ám
nem szándékozik belefolyik , ez
nem szándékozik belép
százalék szándékozik elmegy mozi az
bosszú szándékozik áll - a
mód szándékozik kihasznál , tökéletes
konferencia szándékozik összehív Németország ,
negyedév szándékozik elkezd a Skoda
nem szándékozik átlép ez a
szándékozik gáz elad az a
szándékozik hitel felvesz , de
mi szándékozik tesz a kormány
, és maximalizál szándékozik a
szándékozott vonat eljut Franciaország
is szándékozik bevon
szándékozik kérelem benyújt a tagság
terület szándékozik átad az alapítvány
nem szándékozik kilép az Aerosmithbõl
szülõ szándékozik elad a gyermek
fia szándékozott kiad
Bolza-telep szándékozik felállít
az az kialakít szándékozott mûvészeti
nem szándékozik tárgyal
gyermek szándékozik megszül
Szicília szándékozik megy , hogy
biztonság szándékozik veszélyez
szándékozik múzeum létesít
telep szándékozik létesít
szándékozik más betölt Lopes hely
az év visszalép szándékozott
ki szándékozik terjeszt , de
album szándékozik kiad
operaközönség szándékozik toboroz anélkül ,
név szándékozik ad
csapat szándékozik alakít New York
belül szándékozik nevez az UNESCO
nem szándékozik teljesít a felkelõ
zene szándékozik készít , ez
nemzedék szándékozik átad
nem szándékozik belép az Anders-hadsereg
csatlakozás szándékozik elõkészíte
nem szándékozik meghív , de
el szándékozik távolít a Tyrell
Spanyolország szándékozik megy , hogy
út szándékozik megszerez
szándékozik mi ajándékoz , mert
szándékozik itt marad
önkormányzati törvényjavaslat csökkent szándékozik az
, aki felvesz szándékozik munkaerõ
mi szándékozik tesz a magyar
az állam beindít szándékozik ,
javaslat szándékozik megkeres a miniszterelnök
udvar és kommunikál szándékozik volna
szándékozik rend tesz , elegendõ
nem szándékozik kizár <hi rend="it">
kevés szándékozik vásárol idén ,
szándékozik -e hazaköltözik , amennyiben
rend szándékozik visszaállít , lehetõség
föld szándékozik megtart , amely
ami mellé leheveredik szándékozott
szándékozik ott lesz " -
szándékozik majd ad , ha
szellem szándékozik idéz , a
mód szándékozik megél ÖNMAGad
mód szándékozik megél ÖNMAGad
, vagy csatlakozik szándékozik az
mód szándékozik megél ÖNMAGad
mód szándékozik megél ÖNMAGad
mód szándékozik megél ÖNMAGad
összeg szándékozik belép , ami
összeg szándékozik belép , ami
összeg szándékozik belép , ami
köztársaság szándékozik átúszik a 650
szándékozik pókvacsikén végez , ugyanis
, illetve hosszabbít szándékozik
, az ért nem szándékozik
a nagyhatalom leplez szándékozott kifejezett
a törvényjavaslat eltöröl szándékozik a
nem szándékozik betart az arab
, ami képvisel szándékozik
szándékozik végre frissít
lépés szándékozik lép , úgy
adaptáció szándékozik kifejez az író
se szándékozik odaad senki ingyen
szándékozik egyszer tér a jövõ
szándékozik volna nyújt
szándékozik tudomás vesz , hogy
szándékozik tudomás vesz , hogy
munka szándékozik tölt , tud
szándékozik tudomás vesz , hogy
mikor szándékozik enged a frissítés
szándékozik , tesz , hogy
nem szándékozik felad az ,
szándékozik , tesz , hogy
szándékozik , tesz , hogy
periódus szándékozik kifizet
nem szándékozik beavat , hisz
szándékozik ez változik
szándékozik tovább puhít monetáris politika
szándékozik tovább puhít monetáris politika
hova szándékozik elvisz
jövõ szándékozik biztosít
mikor szándékozik elindít
mikor szándékozik elindít
mikor szándékozik elindít
is szándékozik fenntart , és
mikor szándékozik elindít
mikor szándékozik elindít
