szeret lap szerkeszt , rész
úgy szeret lobogtat , és
nélkül szeret visszaad szegény öcs
, hogy alszik szeret
szeret betilt lesz
de én megy szeret ...
itthon szeret lesz
mindenki szeret megtart az állás
az szeret kér , hogy
szeret tisztelet hangsúlyoz , hogy
az szeret felhív részben a
ügyrendileg szeret megköszön fõjegyzõ úr
annyi szeret elmond , hogy
Kellõ tisztelet segít is szeret
szeret annyi hozzátesz , hogy
alap szeret rögzít , hogy
az szeret megemlít , hogy
az szeret kezd , hogy
szeret még felidéz : 1986
probléma szeret beszél , és
az szeret megjegyez , hogy
szeret elmond , hogy
szeret az megkérdez , hogy
szeret az hivatkozik , hogy
szeret elmond Isépy képviselõtársamnak
megjegyzés szeret tesz Orbán Viktor
rövid szeret reagál
szeret az jelez , hogy
szeret tájékoz õ mint
, szeret felhív a képviselõ
, szeret elindul , hát
reszlet szeret kitermel es elhelyez
szeret volna lát
párt szeret lesz - tartós
nem szeret befürdik ő
szél szeret játszik a haj
szeret megtud , mi
szeret sok megtud az általad
szeret füstbomba használ :)))) a
szeret végre beoszt a szabadidõd
példa szeret érzékel , mire
szeret létezik , és
szeret is vezet
mindig szeret megtud a válasz
ki szeret vált éves engedély
szint szeret felhoz úszósport ,
hajnal szeret visszautazik a Strasbourg
meg szeret mutat , hogy
is szeret változik
Európa szeret lát
szeret még jelentkezik , az
szeret volna lesz
Egyelõre szeret bekerül a program
szeret volna lesz , azért
az szeret megtud , hogy
tapasztalat szeret átad a budapesti
szeret volna összeköt az egyesült
a belügyminiszter-jelölt erõsíte szeret a
mód szeret pacifikál az az
szeret 2002 lezár az 1998
szeret hangsúlyoz már az
szeret vita száll nógrádi elvtárs
föl szeret tár , mi
; szeret remél , hogy
igen szeret néz a semmi
, mégis hajózik szeret
játszik ... játszik szeret volna
az szeret elkerül , hogy
szeret rögzít ez ,
fa szeret nõ , 2002
észrevétel szeret tesz Répássy úr
az szeret mond , hogy
; szeret jelez ön ,
, szeret megnyugszik ön ,
szeret ön tanácsol , hogy
szeret újra rögzít , hogy
hozzá szeret tesz , nem
utoljára szeret szól még néhány
itt szeret reagál világosi Gábor
adat szeret ismer
szeret ön megnyugszik , hogy
van igény vesz
szeret emlékez az ,
ami szeret tesz : ez
dolog szeret említ az kapcsolat
türelem szeret kér
az szeret kér , hogy
szeret felhív a figyelem
szeret jelez , és
adat szeret alátámaszt a vélemény
kérdésekrõl szeret szól
nagyon szeret hangsúlyoz az ,
akkor szeret elmond ( közbeszólás
, szeret tud , hogy
az szeret hangsúlyoz , hogy
szeret hangsúlyoz , hogy
képviselõtárs szeret kiemel , mert
annyi szeret mond , hogy
külön szeret kiemel , hogy
, szeret tájékoz a képviselõtárs
orvos szeret elmond
az szeret hangsúlyoz , hogy
eloszlik
szeret külön kiemel
kapcsolat szeret mond ,
itt szeret reagál egy elõzõ
nagyon szeret tisztáz , hogy
ugyanakkor hangsúlyoz szeret ,
Mindenekelõtt szeret leszögez , hogy
szeret volna elmond
föl szeret hív majd a
szeret viszont kér a kormány
kizárás szeret elér
, szeret elmond , hogy
szeret ismételt leszögez : az
szeret és támogat fog
szeret tiszta tud akkor ,
az is demonstrál szeret volna
szeret ön emlékez az ,
asszony szeret megköszön az a
szeret kiemel , és
- szeret hangsúlyoz - az
csak szeret tájékoz a képviselõtárs
szeret volna benyújt , mert
azonban szeret reagál az ,
ellenére szeret megkérdez a következõ
ugyanez szeret elmond T asztalos
telephely szeret épít , nem
megállapítás szeret idéz - "
ezért szeret belép a tervezett
párt szeret kihangsúlyoz keresztényi mivolta
hozzájárulás szeret kap a templom
demonstráció szeret kikényszerít , hogy
szeret ide jár
beszél szeret ő
is szeret áttekint , úgy
felsõtestek szeret gyönyörködik a Tisza-parton
szeret végre legyõzni betegség ,
el szeret ér , hogy
divathullám szeret meglovagol az Innex
öcsívment szeret bejelent : Boncsad
Raymond szeret visszahoz a régmúlt
vállalkozás szeret kezd , egy
annyi szeret elad okosmobil ,
szeret világ lát - autó
szeret ő csinál , mint
ha hirdet szeret ,
érzésükrõl szeret elterel a figyelem
az szeret tud , köz
nem szeret kommentál
egyszerre szeret elfogad két alaptörvény-módosítás
belül szeret megnyit az iroda
az szeret elér , hogy
az szeret elér , hogy
szeret volna visszakerül Pest íróbarát
hangulat szeret elkap , hanem
személyes szeret visszaad Diego Maradona
elõtt szeret lát a közönség
szeret függelék csatol kedvelt NER-jé
feltétlenül szeret hisz
szeret megkérdez , hogy
ami szeret feltesz a cég
ezer szeret bevon a kormány
nyereményjáték szeret felhív a figyelem
idén szeret bemutat a típus
élmény szeret felidéz egy hasonló
szeret volna betör a KGST
is szeret megy , az
be szeret vet az Ibizáját
ételekbõl szeret összeállít étrend
szeret tehát megtud , mi
falka szeret éldegél , ezért
elõnyei szeret élvez
szeret köszönet mond a világ
színész szeret lát maga a
mert ismét beszél szeret a
hogy szeret megismer a felügyelõbizottság
azonban szeret elér , hogy
az szeret megtud : "
Mûvészet szeret lát "
Lengyelország szeret kiépít az elvileg
az szeret olvas , ami
Nicole Kidman idegesít szeret volt
szeret sok törõd a párkapcsolat
szeret " kihasznál " az
nem szeret játszik
szeret inkább elszakad a mai
szeret tovább él .
szeret részletekrõl beszél , mivel
fõtér szeret villog a kabrió
szeret volna bebizonyít , hogy
2006 ami tud szeret a
, hanem néz is szeret
, hanem néz is szeret
már Chicago biztosít szeret pekingi
szabály szeret bevezet az európai
szeret pragmatikus játszik , fokozott
Inter szeret megõriz hétpontos elõnye
szeret volna feltornázik , ami
szeret Róma
középhátvéd szeret lesz , nagyon
nem szeret abbahagy a labdarúgás
férfikézilabda-csapat szeret megszerez a Veszprém
szeret ő használ a tulajdonos
film szeret forog
maga : fejlõd szeret ,
erõk szeret változik a Google
" szeret visszakap a munka
kevés szeret költ , érdemes
szeret mûködõképes tesz
a kabinet lát szeret volna
kínálat szeret nyújt , amely
szeret lát érvényesül ? (
szeret volna válik a többi
év szeret csinál - amíg
az unió szabályoz szeret ez
mindenképpen szeret meghosszabbít
szeret volna elér
Hódmezõvásárhelyre szeret eljut , az
szeret majd foglalkozik tesz hozzá
szeret volna terjeszt befolyás Bulgária
szeret volna elad Beckhamet ,
szeret vendég lát barát ,
, szeret lát a Shahkri
mert szeret megszerez az a
szeret volna elkészít a film
nem szeret beilleszkedik a "
hogy szeret beszél ők ,
szeret közé tartozik
szeret volna reklámoz az Adult
érdekesség szeret megoszt a hallgató
mindenképpen szeret tisztáz , de
kicsi szeret megvéd a szakma
, szeret megél normális ,
vagy szeret kihever a szülő
hatékonyság szeret javít , és
kívül szeret helyez , és
szeret volna mond , hogy
visszaigénylés szeret ellensúlyoz - mond
adózás szeret bevezet
hölgy szeret segít , aki
a település pályázik szeret az
legalábbis szeret képvisel , tehát
az szeret elér , hogy
vég szeret megszerez az engedély
eskü szeret tesz , keres
azért az hangsúlyoz szeret ,
ez szeret megelõz és ezért
ez szeret hozzászól , hanem
, de jelez szeret ,
az szeret elkerül , hogy
és szeret nyit más téma
így szeret felgyorsít az új
hét szeret tárgyal , a
változás szeret végigvisz a jogszabály
ez szeret elmagyaráz a következõ
szeret volna megmászik , sajnos
aki szeret vesz 3 ezer
forma szeret megmutat a látogató
a kormány mérlegel szeret az
szeret volna átalakít , miután
szeret volna feljut a csúcs
oda szeret kilyukad , hogy
szeret volna vesz a helyi
aki szeret tud
szeret felhív azonban a
itt szeret bejelent , hogy
szeret fõz és jó
szeret úgy védekezik , ahogy
szeret volna elér
mosoly szeret lát , kemény
is szeret mutat , az
, ha tud szeret a
hány szeret megmagyaráz ők :
is szeret néz az IP
nem szeret kibõvíte a csatornakínálat
az szeret érdeklõd , hogy
Érdeklõd szeret ,
szeret te megoszt egy jó
itt szeret kiél maga ...
használ és vált szeret
segítség szeret kér
tegezõdve szeret leiskoláz .. a
szolgáltatás szeret kap
az szeret kérdez , hogy
nem szeret hagy hogy kár
szeret végképp kirobbant a 3
helo szeret letölt a Telenor
" szeret felhív a kedves
nem szeret unatkozik
szeret folyamatos használ
el szeret mond , hogy
az szeret érdeklõd , hogy
, és marad szeret
türelem szeret kér
is szeret megköszön
szeret Önöktõl kér , hogy
van ők kap
nagyon szeret hazajár
, szeret érdeklõd ha egy
türelem szeret kér
szeret elér , hogy
szeret valaki rámutat
Érdeklõd szeret hogy
szerzõdés szeret köt és olyan
szeret ti tájékoz a Vodafon
Érdeklõd szeret ,
kérdez szeret ,
szeret érdeklõd , hogy
szeret volna vásárol egy telefon
csupán jelez szeret ,
vezet szeret mindenki
türelem szeret kér
magánszemély szeret átjátszik
minden oldal lát szeret ,
szeret érdeklõd mikor várható
készülék szeret vesz
nem szeret különcködik
, szeret elér , hogy
szeret biztosít az ,
szeret meg tudakol ha uj
panasz szeret továbbít illetékes kolléga
Elõször is gratulál szeret az
szeret megbízás szerez az ön
, szeret tud ő
szeret lát , ki
szeret meg kérdez hogy szjg
szeret újra él száz ,
szeret asztal foglal ez a
külföldrõl szeret elér az ügyfélszolgálat
szeret megkérdez , hogy
alap szeret elér én ,
mi szeret megdönt Orbán uralom
szeret telefon rendel like díjcsomag
szeret utánanéz az eset
úgy szeret néz
szeret az hisz , és
jó szeret lesz már és
üdv szeret érdeklõd , hogy
szeret telefon rendel like díjcsomag
szeret volna választ . meg
ön szeret bíz
meccs szeret játszik a Veszprém
felé szeret halad
ön szeret bíz
szeret ugyanaz tapasztal , az
szeret kérdez van -e
szeret elnézés kér a kellemetlenség
szeret tájékoz ön hogy
mindenképpen szeret megvizsgál a hiba
ön szeret bíz
Dávid szeret kérdez : rend
, szeret kivizsgál ez a
az szeret tud , hogy
Telenor , Érdeklõd szeret ,
az szeret kérdez hogy a
válasz szeret kap , ami
vonatkozó szeret biztosít az ,
szeret haza fellép
felhasználás szeret meggyõzõd , ezért
meg szeret nyer és nagyon
szeret vélemény olvas
kormány továbbá növel szeret határ
segítség szeret kér
a rendõrség tud szeret ,
idõben szeret értesül a új
el szeret ér , ahogyan
név szeret megköt szerzõdés akkor
szeret volna pihen
, szeret elvisz egy étterem
nyílt szeret megtud hogy lesz
az szeret kérdez hogy a
aki szeret támogat KEB-et ,
szeret felhív figyelem az
segítség szeret kér
mi szeret elér , mi
annyi szeret beállít ő ,
az szeret kérdez , M3
nem tud beáraz és szeret
szeret érdeklõd
ha szeret megnyer a C.Ronaldó
szeret úgy él , mint
szeret örök fogad a kisbaba
is szeret gratulál a sofõr
