mi akar lesz , és
meg akar nyugtat a tábornok
talán csak tud akar :
akar úgy jár , mint
nem akar megzavar a produkció
le akar játszik a szonáta
után akar kiált , õ
akar petróleum felgyújt a nagy
franc akar mond , de
akar úgy él , ahogy
be akar visz a számonkérés
ember akar mulat és vacsorál
járóbaba akar vesz meg ruha
az a felenged nem akaró
fel akar szippant a múlt
se akar kikerekedik
nem akar megvár Bálint
padlás akar elindul , az
tiszt akar nevel belõlem ,
meg akar kérdez , hoz
, csak hall akar a
félre akar húz , de
után akar megy , de
õ még belefekszik sem akar
õ akar rendez
nem akar beleszól a politikai
nem akar bemutat a Krisztus
kisgazdaélet akar megvalósít
hogy Botos segít akar ,
király akar tesz
akar ilyen lesz , hanem
nem akar megért végre ,
bíró akar lesz , úgy
akar ez tisztáz ( a
vissza akar állít a villamosközlekedés
sem akar elvisel az ,
ellenõrzés akar szigorít , és
Errõl akar beszél
jelzésérték akar hangsúlyoz
ráadás még parancsol is akar
európai akar lesz
leg akar elér a fagylalt
az akar érzékel milyen széles
em akar kiforgat a szó
akar én veszteget
meg akar szüntet május
igényes akar öltözik
akar maga operál , hogy
lélek akar megment az agglegény
többség nem leugrik akar ,
csapatkapíitány akar beszervez
akar ) hal , sõ
el akar megy péntek teázik
meg akar szabadul tõled ,
egyfázisú akar véd a háromfázisú
így ha dolgozik akar ,
nem akar fizet az MLSZ
beruházás akar kötelez , holott
vissza akar csap , azonban
sem akar átenged a palesztin
akar pálya küld , s
arc akar bemutat , van
ki akar terjeszt a terrorizmus
szolgálat akar állít
le akar vált , és
tevékenység akar koncentrál - ami
élet akar boldogul , tanács
fel akar számol a csecsen
amely Nagypál ellenõriztet akar ,
, hogy csökkent akar a
nem akar hazajön
, de segít akar az
film akar csinál
akar sok találkozik ő
becsületszó akar vesz , hogy
nem akar megvár , hogy
képest a repül akaró jó
el akar titkol a pénzintézet
így akar megvéd a "
akar ujj mutogat Oroszország ,
összmagyar akar tesz valami ,
ûrturista akar lesz
akar nyomás gyakorol a kabinet
ellen akar tiltakozik
valami konkrét vesz akar
sem akar mond , asszony
az akar mond , hogy
úgy akar lesz : én
rá akar bíz a fõvezérség
agyon akar lõ maga ,
miért akar zabál egy gyomor
akar volna szerez maga minden
meg akar aláz szegény kis
akar rész vesz e világ
sem akar enged , hogy
nem akar vár Killer doktor
rendõrkém akar lesz , hanem
is akar kimegy , hadd
ki akar vándorol
mégis inkább gyilkol akar ,
az akar mond , hogy
mintha integet akar
hogy apa molesztál akar
amelyik akar ül
mi akar elér ő -
nem akar elképzel , mi
nem akar elveszít
õ akar használ csak ,
akar öröm szerez
áruház-igazgató akar lesz
se akar megjelenik
akar itt ebédel , nem
elõ akar tolakszik , igyekszik
hármas akar visszautazik Pest ...
békesség akar lenyugtat
az illetõ emlékez akar
akar után megy ott a
akkor is radíroz akar ő
nem akar megkínoz - mond
szó akar használ , annyi
akar vagyonnyilatkozat bevezet , mind-mind
nem akar odaajándékoz régi ,
az is vitatkozik akar ,
akar senki lebeszél az ,
rá akar erõl , nem
bíróság akar fordul , akkor
akar külön belebocsátkozik - mert
miként akar megváltozik a nemzeti
akar inkább megfelel az Országgyûlés
végzettség akar köt - igaz
mellé akar rendel a föld
meg akar talál , hogy
is akar fogalmaz , akkor
szó akar hoz az alkoholizmus
el akar hagy , és
akar tanács ad , de
az akar elér
akar -e hallgat
, akar mond áltat maga
akar maga mutogat , és
akar az cserél ez az
különleges akar üzen
az akar igazol , hogy
befektetõ akar tetszik
elõidézése akar megold
nem akar becsap európai partner
meg akar ért
&ldquo;le akar fejez a nemzetet&rdquo;
hatóság akar létrehoz , akkor
akar haza jut a jármûvé
vállaló akar lesz - fûz
balerina akar lesz
teljesítmény akar összevet , akkor
akar mos
nem akar leáll - nemrég
sosem akar pihen
mindig is érez akar a
árcsökkentés akar rászorít a szoftveróriás
vissza akar tér
hiába akar dolgozik valaki
elé akar visz a megegyezés
akar baj hoz a párt
" lát akar ,
ki akar hallgat , de
SZDSZ-tõl akar elvesz szavazó ,
késõbb akar indít
budapesti akar megfizet
szakadék akar ugrik
kívülrõl akar elmond maga igaz
étterem akar nyit - idéz
akar -e feléleszt a kormány
szerint akar megváltozik az alkotmány
berényi akar tesz , egyáltalán
akar ez véghezvisz a kormánypárt
meg akar gyilkol
európára akar támad az
nem akar nyilatkozik a volt
menekült akar visszatoloncol szülõhazájuk
állapot akar bevezet az ország
ha valaki tud akar ,
mindenki akar dolgozik , csak
akar mindenáron bizonyít
nem akar elszalaszt ez a
aki csak sérteget akar és
hálás akar lesz én ,
elé akar visz
akar színház épít , ahova
emlékezik és emlékez akar egy
bajor akar lesz a bajor
, ami vesz akar ,
le akar üt a pasas
az eredményrõl tud akar 771
akar annyira utolér
akar szó áll Schumacher (
be akar tart , igyekszik
sem akar bevon , mert
ez akar változik a magyarhangya
rá akar ijeszt , hogy
el akar mond , hogy
mi akar közvetít a jelenet
haza akar megy
az INA alkalmaz akar "
nem akar gyûjte
úgy akar elér , hogy
változás akar elér a KISZ
az akar rávesz a társadalom
akar információ gyûjte
láncfûrész akar feldarabol autó ,
az akar elér : védenc
út akar nyit a nyugat
az õk támogat akar -
szervezkedés az önállósodik akaró
könyv akar ír az ,
át akar bemegy az ózdi
nem akar beszél
légszennyezés akar csökkent
probléma akar elterel a figyelem
mert ha folytat akar a
be akar mutat a Mohamed
el akar csábít a
illetõ mindenképpen takargat akar
akar õket gyógyít "
nem akar válaszol 210 megkérdezett
dolog akar használ , amirõl
el akar mond színpad
meg akar sarcol a résztvevõ
nem akar árt a Ferencváros
meg akar vár az európai
ha valami kritizál akar a
be akar áldoz &gt;&gt;&gt; http://www.origo.hu/sport/boksz/20091230-csotonyi-sandor-kommentalja-2009-legfontosabb-bokszhireit.html
meg akar õriz hely a
akar cím nyer " -
folytat akar ,
kés akar költ , ez
akar õ olvas
keresztül akar sugároz - ír
most is változik akar
tõszomszédsáog akar megépít - derül
továbbá egyesít akar a
akar majd megél ? [
, és bizonyít akar
emel . tobzódik akar a
zsinat akar tart ( 500
mivel mindenáron tanít akar a
Amerika akar folytat a keresés
kifejezés akar kifejez akkor a
nem akar megvár a bevonuló
meg akar akadályoz Scipi az
motívum akar megjelenít
az akar felhasznál , hogy
út akar indul , Donald
mégsem akar kiad a lakás
vezérõrnagy akar bíz , aki
nem akar visszamegy , ez
be akar tart , ám
nem akar elhisz , mikor
akar maga abbahagy
nem akar összefér a munkaharc
akar ez kiemel , hogy
az akar bizonyít , hogy
akar itt elkezd terrorizmus meg
csökkent akar a
ez akar tanul
lehetõség akar megszerez , és
az akar mond , hogy
meg akar szólít ügyfél is
tulajdon akar megfoszt gyermek ,
õ aktuális dolgozik akar ,
meg akar változik az alapszabály
így akar legalizál az ,
nem akar megsért , de
le akar fokoz az eredmény
ki akar próbál a hatás
nem akar beszél , annyi
nem akar megenged Krisztus ,
, ahogy történik akar ...
nem kötözködik akar ,
látvány akar visszaad - lemond
be akar lép az élet
be akar vágódik ő ,
barát akar lesz , szól
szeretetrõl akar beszél ők akkor
rá akar támad a szörny
át akar vesz a hatalom
akar én megöl ?
akar Krisztus utal , mi
el akar mesél
el akar megy , de
föl akar darabol a Magyar
be akar fektetõd
hogy mennyire gyõz akar mindkét
önszántából akar megy
el akar kap az a
le akar zár a múlt
le akar tilt az átirányítás
biztos akar megy , hív
akar független válik , akkor
le akar tilt az átirányítás
távol akar lesz a kiesõzóna
akar ez megbosszul , vagy
de nem vitáz akar ,
akar más hat
lop akar ,
számít akar valaki
nem akar ad szomjan hal
meg akar nyer , és
nem akar eljut idáig
meg akar változik a pár
tér akar beszáll egy taxi
el akar visz otthon
az akar lesz , aki
nem akar vált , marad
pláza akar vesz csak nem
nem akar elveszít
jó akar tesz egy idegen
os akar használ és nem
akar az befejez
bátorság akar ad az ,
akar õket véd , de
2012/2013-as akar ír gondol
akar döntõbíró lesz , ugyanis
akar tudomás vesz , hogy
meg akar szerez maga egyszercsak
, ami hall akar ,
mivel megtörténik kicserél nem akar
ki akar lep miut lejar
mese akar csobog neki
ne akar alszik
nem akar megbánt a jószándékú
is akar
alig akar lejön
akar maga kifejez
szolgáltatás akar megél , akkor
nem akar bekapcsol
nem akar bevállal , ezért
baseball-játékos akar lesz
el akar enged , de
erõs akar tûn
le akar gyõz ti a
akar maga pereskedik
és más tesz akaró úgynevezett
egyedül akar marad fehér/magyar eredetû
nem akar lát
el akar mond ők ,
szemét akar lesz , akkor
Bukarest akar ráerõl a térség
nem akar elgondolkozik ő ,
én is segít akar az
nem akar sikerül
, ha kap akar (
nem akar elszomorít a te
elõtt akar megkap a felvétel
csapat akar dolgozik , egy
a jó akar kell
fegyverarzenál akar
sem akar érkezik
akar minden megosztozik
fel akar épít
fegyverarzenál akar
se akar vesz , mert
és csak szórakozik akar ,
el akar foglal az egyetem
nem akar jellemez a bíró
akar úgy eltûn , hogy
ez akar megbosszul Fyssas halál
banán akar vesz )
az akar kér kegyelmedtõl ,
akar Magyarország dolgozik
edzõ akar lesz , bár
az akar kedvez a Facebook
fotó akar készít kari Benzemá
élte jobbítás tesz nem akaró
beszámoló akar untat , csak
meg akar talál a lány
akar ő kezd , semmi
be akar falaz
, akar kiönt szeretet és
t\u00f6bb akar tud r\u00f3l "
meg akar oszt valami onnan
akar õ gyõz , hogy
de õ hall se akar
nem akar megbánt senki
, ha dolgozik akar vagy
tetszeleg akar a
